Timestamp,Time,Ground Floor Temperature (°C),Ground Floor Setpoint (°C),Ground Floor Variation (°C),Ground Floor Humidity (%),Ground Floor Light,Ground Floor Window,Top Floor Temperature (°C),Top Floor Setpoint (°C),Top Floor Variation (°C),Top Floor Humidity (%),Top Floor Light,Top Floor Window,External Temperature (°C),External Humidity (%)
"28/02/2025, 10:19:41","10:19","17.5","25","-7.5","39.9","OFF","CLOSED","17.5","25","-7.5","39.1","OFF","CLOSED","17.9","39.8"
"28/02/2025, 10:20:28","10:20","17.5","25","-7.5","40.0","ON","OPEN","17.5","25","-7.5","39.2","ON","CLOSED","18.1","38.5"
"28/02/2025, 10:21:06","10:21","17.8","25","-7.2","39.9","ON","CLOSED","17.8","25","-7.2","39.2","ON","CLOSED","18.1","38.7"
"28/02/2025, 10:21:40","10:21","18.5","25","-6.5","39.1","ON","CLOSED","18.3","25","-6.7","38.6","OFF","CLOSED","18.0","38.7"
"28/02/2025, 10:22:18","10:22","19.1","25","-5.9","38.2","ON","CLOSED","18.8","25","-6.2","37.7","OFF","OPEN","18.1","38.8"
"28/02/2025, 10:22:59","10:22","19.9","25","-5.1","36.9","OFF","OPEN","19.1","25","-5.9","37.1","OFF","OPEN","18.0","38.7"
"28/02/2025, 10:23:37","10:23","20.3","25","-4.7","35.7","ON","OPEN","19.3","25","-5.7","36.8","OFF","CLOSED","18.0","38.7"
"28/02/2025, 10:24:11","10:24","20.6","25","-4.4","35.1","OFF","OPEN","19.5","25","-5.5","36.5","ON","CLOSED","18.0","38.7"
"28/02/2025, 10:24:50","10:24","21.0","25","-4.0","34.4","ON","OPEN","19.8","25","-5.2","36.2","ON","OPEN","18.0","38.7"
"28/02/2025, 10:25:28","10:25","21.3","25","-3.7","34.0","OFF","OPEN","20.4","25","-4.6","35.4","ON","CLOSED","18.0","38.7"
"28/02/2025, 10:26:11","10:26","21.8","25","-3.2","33.0","OFF","CLOSED","21.2","25","-3.8","34.3","ON","OPEN","18.1","38.7"
"28/02/2025, 10:26:46","10:26","21.9","25","-3.1","32.6","OFF","CLOSED","22.0","25","-3.0","33.0","ON","OPEN","18.0","38.6"
"28/02/2025, 10:27:24","10:27","21.9","25","-3.1","32.4","OFF","OPEN","22.6","25","-2.4","31.9","ON","OPEN","18.1","38.6"
"28/02/2025, 10:27:58","10:27","22.0","25","-3.0","32.3","ON","OPEN","23.4","25","-1.6","30.6","ON","OPEN","18.1","38.6"
"28/02/2025, 10:28:36","10:28","22.1","25","-2.9","32.2","OFF","CLOSED","24.0","25","-1.0","29.7","OFF","OPEN","18.1","38.6"
"28/02/2025, 10:29:15","10:29","22.2","25","-2.8","31.7","ON","CLOSED","24.4","25","-0.6","28.5","ON","CLOSED","18.1","38.5"
"28/02/2025, 10:29:53","10:29","22.4","25","-2.6","31.7","OFF","OPEN","24.7","25","-0.3","28.1","ON","CLOSED","18.1","38.7"
"28/02/2025, 10:30:32","10:30","22.7","25","-2.3","31.2","ON","OPEN","25.1","25","0.1","27.4","OFF","OPEN","18.1","38.5"
"28/02/2025, 10:31:10","10:31","22.8","25","-2.2","31.0","ON","CLOSED","25.3","25","0.3","26.9","OFF","OPEN","18.2","38.4"
"28/02/2025, 10:31:44","10:31","23.0","25","-2.0","30.6","ON","CLOSED","25.3","25","0.3","26.8","OFF","OPEN","18.2","38.4"
"28/02/2025, 10:32:25","10:32","23.4","25","-1.6","30.3","ON","CLOSED","25.1","25","0.1","26.7","OFF","CLOSED","18.2","38.4"
"28/02/2025, 10:32:59","10:32","23.8","25","-1.2","29.6","ON","CLOSED","25.0","25","0.0","26.8","OFF","CLOSED","18.2","38.3"
"28/02/2025, 10:33:39","10:33","24.2","25","-0.8","29.2","OFF","CLOSED","24.8","25","-0.2","27.0","ON","OPEN","18.2","38.4"
"28/02/2025, 10:34:22","10:34","24.5","25","-0.5","28.6","OFF","OPEN","24.9","25","-0.1","27.3","OFF","CLOSED","18.2","38.3"
"28/02/2025, 10:35:05","10:35","24.5","25","-0.5","28.2","OFF","CLOSED","24.9","25","-0.1","26.9","OFF","OPEN","18.2","38.3"
"28/02/2025, 10:35:44","10:35","24.2","25","-0.8","28.4","ON","CLOSED","24.9","25","-0.1","27.0","ON","CLOSED","18.2","38.3"
"28/02/2025, 10:36:31","10:36","24.3","25","-0.7","28.5","ON","OPEN","25.1","25","0.1","26.9","OFF","OPEN","18.3","38.3"
"28/02/2025, 10:36:53","10:36","24.5","25","-0.5","28.3","ON","OPEN","25.1","25","0.1","26.8","OFF","OPEN","18.3","38.2"
"28/02/2025, 10:37:31","10:37","24.6","25","-0.4","28.1","OFF","CLOSED","25.1","25","0.1","26.6","OFF","OPEN","18.3","38.2"
"28/02/2025, 10:38:12","10:38","24.7","25","-0.3","27.7","ON","OPEN","25.0","25","0.0","26.6","OFF","OPEN","18.3","38.2"
"28/02/2025, 10:38:46","10:38","24.8","25","-0.2","27.8","ON","OPEN","24.8","25","-0.2","26.7","OFF","OPEN","18.3","38.1"
"28/02/2025, 10:39:24","10:39","24.9","25","-0.1","27.6","OFF","CLOSED","24.7","25","-0.3","26.8","OFF","OPEN","18.3","38.0"
"28/02/2025, 10:40:03","10:40","25.0","25","0.0","27.3","ON","CLOSED","24.6","25","-0.4","26.8","ON","CLOSED","18.3","38.1"
"28/02/2025, 10:40:37","10:40","25.2","25","0.2","27.2","ON","CLOSED","24.9","25","-0.1","26.9","ON","CLOSED","18.3","38.1"
"28/02/2025, 10:41:13","10:41","25.6","25","0.6","26.8","ON","CLOSED","25.3","25","0.3","26.5","ON","CLOSED","18.4","38.0"
"28/02/2025, 10:41:49","10:41","26.1","25","1.1","26.3","ON","CLOSED","25.8","25","0.8","26.1","ON","CLOSED","18.4","38.0"
"28/02/2025, 10:42:23","10:42","26.5","25","1.5","25.8","ON","CLOSED","26.3","25","1.3","25.5","ON","CLOSED","18.4","38.0"
"28/02/2025, 10:42:57","10:42","27.0","25","2.0","25.1","ON","CLOSED","26.9","25","1.9","24.9","ON","CLOSED","18.4","38.0"
"28/02/2025, 10:43:34","10:43","27.4","25","2.4","24.7","ON","CLOSED","27.5","25","2.5","24.1","ON","CLOSED","18.4","37.9"
"28/02/2025, 10:44:08","10:44","27.9","25","2.9","24.4","ON","CLOSED","28.0","25","3.0","23.5","ON","CLOSED","18.4","37.9"
"28/02/2025, 10:44:53","10:44","28.3","25","3.3","23.7","OFF","OPEN","28.7","25","3.7","22.7","OFF","OPEN","18.4","38.1"
"28/02/2025, 10:45:28","10:45","28.5","25","3.5","23.1","OFF","OPEN","29.1","25","4.1","22.1","OFF","OPEN","18.4","38.0"
"28/02/2025, 10:46:02","10:46","28.3","25","3.3","23.0","OFF","OPEN","29.1","25","4.1","21.8","OFF","OPEN","18.4","38.0"
"28/02/2025, 10:46:35","10:46","27.8","25","2.8","23.3","OFF","OPEN","29.0","25","4.0","21.7","OFF","OPEN","18.4","37.9"
"28/02/2025, 10:47:09","10:47","27.4","25","2.4","23.8","OFF","OPEN","28.8","25","3.8","21.5","OFF","OPEN","18.4","37.9"
"28/02/2025, 10:47:45","10:47","26.8","25","1.8","24.2","OFF","OPEN","28.6","25","3.6","21.6","OFF","OPEN","18.4","38.0"
"28/02/2025, 10:48:19","10:48","26.3","25","1.3","24.9","OFF","OPEN","28.2","25","3.2","22.0","OFF","OPEN","18.4","37.9"
"28/02/2025, 10:48:53","10:48","25.8","25","0.8","25.5","OFF","OPEN","27.8","25","2.8","22.3","OFF","OPEN","18.4","38.0"
"28/02/2025, 10:49:27","10:49","25.4","25","0.4","26.1","OFF","OPEN","27.4","25","2.4","22.6","OFF","OPEN","18.4","38.0"
"28/02/2025, 10:50:07","10:50","24.9","25","-0.1","26.7","OFF","OPEN","27.0","25","2.0","23.0","ON","CLOSED","18.4","38.0"
"28/02/2025, 10:50:41","10:50","24.6","25","-0.4","27.2","OFF","OPEN","26.9","25","1.9","23.3","ON","CLOSED","18.4","38.0"
"28/02/2025, 10:51:15","10:51","24.3","25","-0.7","27.6","OFF","OPEN","27.0","25","2.0","23.4","ON","CLOSED","18.4","38.0"
"28/02/2025, 10:51:49","10:51","24.1","25","-0.9","27.8","OFF","OPEN","27.2","25","2.2","23.3","ON","CLOSED","18.4","38.0"
"28/02/2025, 10:52:23","10:52","24.0","25","-1.0","28.1","OFF","OPEN","27.4","25","2.4","23.1","ON","CLOSED","18.4","38.0"
"28/02/2025, 10:52:57","10:52","23.9","25","-1.1","28.3","OFF","OPEN","27.6","25","2.6","22.8","ON","CLOSED","18.4","38.0"
"28/02/2025, 10:53:31","10:53","23.7","25","-1.3","28.5","OFF","OPEN","27.9","25","2.9","22.4","ON","CLOSED","18.4","38.1"
"28/02/2025, 10:54:07","10:54","23.6","25","-1.4","28.7","OFF","OPEN","28.2","25","3.2","21.9","ON","CLOSED","18.4","38.0"
"28/02/2025, 10:54:41","10:54","23.5","25","-1.5","28.8","OFF","OPEN","28.5","25","3.5","21.9","ON","CLOSED","18.4","38.1"
"28/02/2025, 10:55:24","10:55","23.5","25","-1.5","29.0","ON","CLOSED","28.7","25","3.7","21.5","OFF","OPEN","18.3","38.0"
"28/02/2025, 10:55:58","10:55","23.7","25","-1.3","28.9","ON","CLOSED","28.6","25","3.6","21.2","OFF","OPEN","18.3","38.1"
"28/02/2025, 10:56:32","10:56","23.9","25","-1.1","28.7","ON","CLOSED","28.3","25","3.3","21.5","OFF","OPEN","18.4","38.1"
"28/02/2025, 10:57:08","10:57","24.3","25","-0.7","28.2","ON","CLOSED","28.0","25","3.0","21.8","OFF","OPEN","18.4","38.1"
"28/02/2025, 10:57:45","10:57","24.6","25","-0.4","27.9","ON","CLOSED","27.7","25","2.7","22.1","OFF","OPEN","18.4","38.1"
"28/02/2025, 10:58:19","10:58","25.0","25","0.0","27.4","ON","CLOSED","27.4","25","2.4","22.6","OFF","OPEN","18.4","38.0"
"28/02/2025, 10:58:53","10:58","25.4","25","0.4","27.0","ON","CLOSED","27.1","25","2.1","22.9","OFF","OPEN","18.4","38.1"
"28/02/2025, 10:59:29","10:59","25.8","25","0.8","26.5","ON","CLOSED","26.9","25","1.9","23.3","OFF","OPEN","18.3","38.1"
"28/02/2025, 11:00:07","11:00","26.2","25","1.2","26.0","ON","CLOSED","26.7","25","1.7","23.5","ON","CLOSED","18.3","38.2"
"28/02/2025, 11:00:41","11:00","26.7","25","1.7","25.4","ON","CLOSED","26.9","25","1.9","23.6","ON","CLOSED","18.4","38.1"
"28/02/2025, 11:01:24","11:01","27.2","25","2.2","24.7","OFF","OPEN","27.2","25","2.2","23.5","OFF","OPEN","18.3","38.1"
"28/02/2025, 11:02:07","11:02","27.2","25","2.2","24.4","ON","CLOSED","27.2","25","2.2","23.4","ON","CLOSED","18.4","38.2"
"28/02/2025, 11:02:41","11:02","27.5","25","2.5","24.0","ON","CLOSED","27.6","25","2.6","23.0","ON","CLOSED","18.3","38.1"
"28/02/2025, 11:03:24","11:03","27.8","25","2.8","23.7","OFF","OPEN","28.0","25","3.0","22.6","OFF","OPEN","18.3","38.1"
"28/02/2025, 11:04:07","11:04","27.6","25","2.6","23.7","ON","CLOSED","28.0","25","3.0","22.1","ON","CLOSED","18.3","38.1"
"28/02/2025, 11:04:50","11:04","27.8","25","2.8","23.7","OFF","OPEN","28.5","25","3.5","21.9","OFF","OPEN","18.3","38.1"
"28/02/2025, 11:05:24","11:05","27.8","25","2.8","23.4","OFF","OPEN","28.6","25","3.6","21.7","OFF","OPEN","18.3","38.1"
"28/02/2025, 11:06:10","11:06","27.5","25","2.5","23.6","ON","CLOSED","28.5","25","3.5","21.7","ON","CLOSED","18.3","38.1"
"28/02/2025, 11:06:53","11:06","27.6","25","2.6","23.5","OFF","OPEN","28.8","25","3.8","21.3","OFF","OPEN","18.4","38.2"
"28/02/2025, 11:07:26","11:07","27.5","25","2.5","23.6","OFF","OPEN","28.9","25","3.9","21.2","OFF","OPEN","18.3","38.1"
"28/02/2025, 11:08:10","11:08","27.2","25","2.2","23.9","ON","CLOSED","28.7","25","3.7","21.2","ON","CLOSED","18.3","38.1"
"28/02/2025, 11:08:53","11:08","27.3","25","2.3","23.9","OFF","OPEN","29.0","25","4.0","21.0","OFF","OPEN","18.4","38.1"
"28/02/2025, 11:09:26","11:09","27.3","25","2.3","23.9","OFF","OPEN","29.0","25","4.0","21.1","OFF","OPEN","18.3","38.1"
"28/02/2025, 11:10:12","11:10","27.0","25","2.0","24.1","ON","CLOSED","28.8","25","3.8","20.9","ON","CLOSED","18.3","38.1"
"28/02/2025, 11:10:55","11:10","27.1","25","2.1","24.1","OFF","OPEN","29.0","25","4.0","20.9","OFF","OPEN","18.4","38.1"
"28/02/2025, 11:11:30","11:11","27.1","25","2.1","24.1","OFF","OPEN","29.0","25","4.0","20.9","OFF","OPEN","18.4","38.1"
"28/02/2025, 11:12:13","11:12","26.8","25","1.8","24.2","ON","CLOSED","28.9","25","3.9","21.1","ON","CLOSED","18.4","38.1"
"28/02/2025, 11:12:56","11:12","26.9","25","1.9","24.4","OFF","OPEN","29.0","25","4.0","20.8","OFF","OPEN","18.4","38.1"
"28/02/2025, 11:13:32","11:13","27.0","25","2.0","24.4","OFF","OPEN","29.0","25","4.0","20.8","OFF","OPEN","18.4","38.1"
"28/02/2025, 11:14:15","11:14","26.8","25","1.8","24.3","ON","CLOSED","28.8","25","3.8","21.0","ON","CLOSED","18.4","38.0"
"28/02/2025, 11:14:58","11:14","26.9","25","1.9","24.4","OFF","OPEN","29.0","25","4.0","20.8","OFF","OPEN","18.4","38.0"
"28/02/2025, 11:15:32","11:15","27.0","25","2.0","24.3","OFF","OPEN","29.0","25","4.0","20.8","OFF","OPEN","18.4","38.1"
"28/02/2025, 11:16:18","11:16","26.7","25","1.7","24.3","ON","CLOSED","28.8","25","3.8","21.0","ON","CLOSED","18.4","38.1"
"28/02/2025, 11:17:02","11:17","26.9","25","1.9","24.5","OFF","OPEN","29.1","25","4.1","20.9","OFF","OPEN","18.4","38.1"
"28/02/2025, 11:17:36","11:17","27.0","25","2.0","24.3","OFF","OPEN","29.0","25","4.0","20.7","OFF","OPEN","18.4","38.1"
"28/02/2025, 11:18:19","11:18","26.7","25","1.7","24.5","ON","CLOSED","28.9","25","3.9","20.9","ON","CLOSED","18.4","38.0"
"28/02/2025, 11:19:02","11:19","26.9","25","1.9","24.5","OFF","OPEN","29.0","25","4.0","20.8","OFF","OPEN","18.5","38.1"
"28/02/2025, 11:19:35","11:19","27.0","25","2.0","24.4","OFF","OPEN","29.1","25","4.1","20.7","OFF","OPEN","18.4","38.0"
"28/02/2025, 11:20:12","11:20","26.7","25","1.7","24.5","ON","OPEN","28.9","25","3.9","20.9","OFF","OPEN","18.4","38.1"
"28/02/2025, 11:20:50","11:20","26.6","25","1.6","24.7","ON","OPEN","28.7","25","3.7","21.2","ON","CLOSED","18.5","38.1"
"28/02/2025, 11:21:28","11:21","26.7","25","1.7","24.7","OFF","CLOSED","28.6","25","3.6","21.2","ON","CLOSED","18.5","38.1"
"28/02/2025, 11:22:12","11:22","26.8","25","1.8","24.7","OFF","OPEN","28.7","25","3.7","21.0","OFF","OPEN","18.5","38.1"
"28/02/2025, 11:22:55","11:22","26.7","25","1.7","24.7","ON","CLOSED","28.8","25","3.8","20.9","ON","CLOSED","18.4","38.1"
"28/02/2025, 11:23:33","11:23","26.6","25","1.6","24.9","ON","OPEN","28.8","25","3.8","21.1","ON","CLOSED","18.4","38.0"
"28/02/2025, 11:24:12","11:24","26.8","25","1.8","24.5","OFF","OPEN","29.1","25","4.1","20.8","OFF","OPEN","18.5","38.1"
"28/02/2025, 11:24:55","11:24","27.0","25","2.0","24.4","OFF","CLOSED","29.2","25","4.2","20.7","OFF","CLOSED","18.5","38.0"
"28/02/2025, 11:25:34","11:25","26.7","25","1.7","24.7","OFF","OPEN","29.0","25","4.0","20.8","OFF","CLOSED","18.5","38.1"
"28/02/2025, 11:26:13","11:26","26.4","25","1.4","24.6","OFF","OPEN","28.8","25","3.8","20.9","OFF","OPEN","18.5","38.1"
"28/02/2025, 11:26:57","11:26","26.0","25","1.0","25.3","ON","CLOSED","28.5","25","3.5","21.1","OFF","CLOSED","18.5","38.0"
"28/02/2025, 11:27:35","11:27","25.8","25","0.8","25.7","ON","CLOSED","28.0","25","3.0","21.5","OFF","OPEN","18.5","38.1"
"28/02/2025, 11:28:09","11:28","25.9","25","0.9","25.7","OFF","CLOSED","27.7","25","2.7","21.9","OFF","OPEN","18.5","38.1"
"28/02/2025, 11:28:48","11:28","25.9","25","0.9","25.4","ON","OPEN","27.4","25","2.4","22.1","OFF","OPEN","18.5","38.1"
"28/02/2025, 11:29:22","11:29","25.9","25","0.9","25.7","ON","OPEN","27.1","25","2.1","22.7","OFF","OPEN","18.5","38.1"
"28/02/2025, 11:30:00","11:30","26.1","25","1.1","25.6","OFF","CLOSED","26.8","25","1.8","23.0","ON","OPEN","18.5","38.0"
"28/02/2025, 11:30:43","11:30","26.2","25","1.2","25.3","OFF","OPEN","26.8","25","1.8","23.3","OFF","CLOSED","18.5","38.1"
"28/02/2025, 11:31:27","11:31","26.1","25","1.1","25.3","ON","CLOSED","26.8","25","1.8","23.2","OFF","OPEN","18.5","38.1"
"28/02/2025, 11:32:05","11:32","26.0","25","1.0","25.6","ON","CLOSED","26.6","25","1.6","23.5","ON","CLOSED","18.5","38.0"
"28/02/2025, 11:32:43","11:32","26.3","25","1.3","25.4","ON","OPEN","26.7","25","1.7","23.6","ON","CLOSED","18.5","38.0"
"28/02/2025, 11:33:27","11:33","26.6","25","1.6","25.0","OFF","CLOSED","27.0","25","2.0","23.4","OFF","OPEN","18.5","38.0"
"28/02/2025, 11:34:07","11:34","26.8","25","1.8","24.6","OFF","CLOSED","27.3","25","2.3","23.0","OFF","CLOSED","18.5","38.0"
"28/02/2025, 11:34:41","11:34","26.7","25","1.7","24.6","ON","CLOSED","27.2","25","2.2","22.9","OFF","CLOSED","18.5","38.0"
"28/02/2025, 11:35:20","11:35","26.6","25","1.6","24.8","OFF","CLOSED","27.1","25","2.1","23.0","ON","OPEN","18.5","38.0"
"28/02/2025, 11:35:54","11:35","26.7","25","1.7","24.6","OFF","CLOSED","27.2","25","2.2","23.1","ON","OPEN","18.5","38.0"
"28/02/2025, 11:36:33","11:36","26.6","25","1.6","24.7","OFF","CLOSED","27.5","25","2.5","22.8","OFF","CLOSED","18.5","38.0"
"28/02/2025, 11:37:11","11:37","26.4","25","1.4","24.7","ON","CLOSED","27.6","25","2.6","22.4","ON","OPEN","18.5","38.0"
"28/02/2025, 11:37:45","11:37","26.3","25","1.3","25.2","OFF","CLOSED","27.7","25","2.7","22.4","OFF","OPEN","18.5","38.1"
"28/02/2025, 11:38:19","11:38","26.4","25","1.4","25.2","ON","CLOSED","27.9","25","2.9","22.1","OFF","OPEN","18.5","38.0"
"28/02/2025, 11:38:57","11:38","26.3","25","1.3","25.1","ON","CLOSED","27.8","25","2.8","22.2","OFF","CLOSED","18.5","38.0"
"28/02/2025, 11:39:31","11:39","26.5","25","1.5","25.1","OFF","CLOSED","27.6","25","2.6","22.3","OFF","CLOSED","18.6","38.0"
"28/02/2025, 11:40:05","11:40","26.6","25","1.6","24.7","ON","CLOSED","27.5","25","2.5","22.4","ON","CLOSED","18.6","37.9"
"28/02/2025, 11:40:39","11:40","26.6","25","1.6","25.0","ON","CLOSED","27.4","25","2.4","22.7","ON","CLOSED","18.6","37.8"
"28/02/2025, 11:41:13","11:41","26.9","25","1.9","24.6","ON","CLOSED","27.6","25","2.6","22.6","ON","CLOSED","18.6","37.8"
"28/02/2025, 11:41:46","11:41","27.3","25","2.3","24.3","ON","CLOSED","27.9","25","2.9","22.4","ON","CLOSED","18.7","37.8"
"28/02/2025, 11:42:20","11:42","27.7","25","2.7","24.1","ON","CLOSED","28.3","25","3.3","22.1","ON","CLOSED","18.6","37.8"
"28/02/2025, 11:42:54","11:42","28.2","25","3.2","23.8","ON","CLOSED","28.7","25","3.7","21.8","ON","CLOSED","18.7","37.7"
"28/02/2025, 11:43:28","11:43","28.7","25","3.7","23.1","ON","CLOSED","29.2","25","4.2","21.2","ON","CLOSED","18.8","37.7"
"28/02/2025, 11:44:02","11:44","29.2","25","4.2","22.5","ON","CLOSED","29.8","25","4.8","20.9","ON","CLOSED","18.8","37.6"
"28/02/2025, 11:44:36","11:44","29.7","25","4.7","22.0","ON","CLOSED","30.4","25","5.4","20.2","ON","CLOSED","18.9","37.5"
"28/02/2025, 11:45:19","11:45","30.2","25","5.2","21.5","OFF","OPEN","30.9","25","5.9","19.5","OFF","OPEN","18.9","37.4"
"28/02/2025, 11:45:55","11:45","30.1","25","5.1","20.9","OFF","OPEN","31.1","25","6.1","19.1","OFF","OPEN","19.0","37.4"
"28/02/2025, 11:46:31","11:46","29.8","25","4.8","21.0","OFF","OPEN","31.1","25","6.1","18.9","OFF","OPEN","19.1","37.3"
"28/02/2025, 11:47:05","11:47","29.4","25","4.4","21.4","OFF","OPEN","31.0","25","6.0","18.8","OFF","OPEN","19.1","37.2"
"28/02/2025, 11:47:39","11:47","29.0","25","4.0","21.8","OFF","OPEN","30.8","25","5.8","18.8","OFF","OPEN","19.2","37.1"
"28/02/2025, 11:48:13","11:48","28.5","25","3.5","22.4","OFF","OPEN","30.4","25","5.4","19.0","OFF","OPEN","19.3","37.0"
"28/02/2025, 11:48:47","11:48","28.0","25","3.0","22.9","OFF","OPEN","30.1","25","5.1","19.3","OFF","OPEN","19.3","36.9"
"28/02/2025, 11:49:21","11:49","27.5","25","2.5","23.5","OFF","OPEN","29.7","25","4.7","19.7","OFF","OPEN","19.3","36.9"
"28/02/2025, 11:49:59","11:49","27.0","25","2.0","24.0","OFF","OPEN","29.4","25","4.4","20.0","ON","CLOSED","19.4","36.8"
"28/02/2025, 11:50:34","11:50","26.7","25","1.7","24.4","OFF","OPEN","29.1","25","4.1","20.2","ON","CLOSED","19.4","36.7"
"28/02/2025, 11:51:07","11:51","26.4","25","1.4","24.7","OFF","OPEN","29.1","25","4.1","20.5","ON","CLOSED","19.5","36.6"
"28/02/2025, 11:51:41","11:51","26.3","25","1.3","25.1","OFF","OPEN","29.3","25","4.3","20.4","ON","CLOSED","19.5","36.5"
"28/02/2025, 11:52:16","11:52","26.1","25","1.1","25.3","OFF","OPEN","29.5","25","4.5","20.4","ON","CLOSED","19.6","36.5"
"28/02/2025, 11:52:49","11:52","26.0","25","1.0","25.6","OFF","OPEN","29.7","25","4.7","20.3","ON","CLOSED","19.7","36.4"
"28/02/2025, 11:53:23","11:53","25.9","25","0.9","25.8","OFF","OPEN","30.0","25","5.0","20.0","ON","CLOSED","19.7","36.3"
"28/02/2025, 11:53:57","11:53","25.8","25","0.8","25.9","OFF","OPEN","30.2","25","5.2","19.8","ON","CLOSED","19.8","36.2"
"28/02/2025, 11:54:31","11:54","25.7","25","0.7","26.0","OFF","OPEN","30.5","25","5.5","19.4","ON","CLOSED","19.8","36.2"
"28/02/2025, 11:55:14","11:55","25.6","25","0.6","26.2","ON","CLOSED","30.8","25","5.8","19.1","OFF","OPEN","19.9","36.1"
"28/02/2025, 11:55:51","11:55","25.7","25","0.7","26.4","ON","CLOSED","30.9","25","5.9","18.9","OFF","OPEN","20.0","35.9"
"28/02/2025, 11:56:25","11:56","25.9","25","0.9","26.3","ON","CLOSED","30.7","25","5.7","18.9","OFF","OPEN","20.0","35.8"
"28/02/2025, 11:56:59","11:56","26.2","25","1.2","25.9","ON","CLOSED","30.4","25","5.4","19.2","OFF","OPEN","20.1","35.8"
"28/02/2025, 11:57:35","11:57","26.7","25","1.7","25.5","ON","CLOSED","30.1","25","5.1","19.5","OFF","OPEN","20.2","35.7"
"28/02/2025, 11:58:09","11:58","26.9","25","1.9","25.3","ON","CLOSED","29.8","25","4.8","19.9","OFF","OPEN","20.2","35.6"
"28/02/2025, 11:58:42","11:58","27.3","25","2.3","24.9","ON","CLOSED","29.5","25","4.5","20.1","OFF","OPEN","20.2","35.5"
"28/02/2025, 11:59:16","11:59","27.7","25","2.7","24.4","ON","CLOSED","29.3","25","4.3","20.6","OFF","OPEN","20.3","35.5"
"28/02/2025, 11:59:50","11:59","28.1","25","3.1","24.0","ON","CLOSED","29.1","25","4.1","20.8","OFF","OPEN","20.4","35.4"
"28/02/2025, 12:00:32","12:00","28.5","25","3.5","23.6","ON","CLOSED","28.9","25","3.9","21.2","ON","CLOSED","20.4","35.4"
"28/02/2025, 12:01:19","12:01","29.3","25","4.3","22.7","OFF","OPEN","29.2","25","4.2","21.0","OFF","OPEN","20.4","35.4"
"28/02/2025, 12:02:02","12:02","29.5","25","4.5","22.2","ON","CLOSED","29.4","25","4.4","20.8","ON","CLOSED","20.5","35.3"
"28/02/2025, 12:02:36","12:02","29.6","25","4.6","21.9","ON","CLOSED","29.7","25","4.7","20.8","ON","CLOSED","20.6","35.2"
"28/02/2025, 12:03:19","12:03","29.9","25","4.9","21.6","OFF","OPEN","30.1","25","5.1","20.2","OFF","OPEN","20.6","35.2"
"28/02/2025, 12:04:02","12:04","29.8","25","4.8","21.5","ON","CLOSED","30.1","25","5.1","20.0","ON","CLOSED","20.7","35.1"
"28/02/2025, 12:04:36","12:04","29.7","25","4.7","21.6","ON","CLOSED","30.3","25","5.3","19.8","ON","CLOSED","20.7","35.0"
"28/02/2025, 12:05:19","12:05","29.9","25","4.9","21.5","OFF","OPEN","30.7","25","5.7","19.4","OFF","OPEN","20.8","34.9"
"28/02/2025, 12:06:02","12:06","29.7","25","4.7","21.5","ON","CLOSED","30.6","25","5.6","19.3","ON","CLOSED","20.8","34.9"
"28/02/2025, 12:06:36","12:06","29.6","25","4.6","21.7","ON","CLOSED","30.8","25","5.8","19.3","ON","CLOSED","20.9","34.9"
"28/02/2025, 12:07:19","12:07","29.8","25","4.8","21.6","OFF","OPEN","31.1","25","6.1","19.0","OFF","OPEN","20.9","34.8"
"28/02/2025, 12:08:02","12:08","29.6","25","4.6","21.5","ON","CLOSED","31.0","25","6.0","18.9","ON","CLOSED","21.0","34.7"
"28/02/2025, 12:08:36","12:08","29.5","25","4.5","21.9","ON","CLOSED","31.1","25","6.1","18.9","ON","CLOSED","21.0","34.7"
"28/02/2025, 12:09:22","12:09","29.7","25","4.7","21.9","OFF","OPEN","31.4","25","6.4","18.7","OFF","OPEN","21.1","35.2"
"28/02/2025, 12:10:05","12:10","29.5","25","4.5","21.9","ON","CLOSED","31.3","25","6.3","18.7","ON","CLOSED","21.1","35.3"
"28/02/2025, 12:10:39","12:10","29.4","25","4.4","22.3","ON","CLOSED","31.3","25","6.3","18.8","ON","CLOSED","21.1","35.3"
"28/02/2025, 12:11:22","12:11","29.6","25","4.6","22.2","OFF","OPEN","31.6","25","6.6","18.6","OFF","OPEN","21.2","35.3"
"28/02/2025, 12:12:05","12:12","29.4","25","4.4","22.3","ON","CLOSED","31.4","25","6.4","18.6","ON","CLOSED","21.2","35.2"
"28/02/2025, 12:12:39","12:12","29.4","25","4.4","22.7","ON","CLOSED","31.5","25","6.5","18.9","ON","CLOSED","21.2","35.1"
"28/02/2025, 12:13:23","12:13","29.7","25","4.7","22.6","OFF","OPEN","31.8","25","6.8","18.8","OFF","OPEN","21.3","35.0"
"28/02/2025, 12:14:06","12:14","29.5","25","4.5","22.4","ON","CLOSED","31.7","25","6.7","18.8","ON","CLOSED","21.3","34.9"
"28/02/2025, 12:14:40","12:14","29.6","25","4.6","22.8","ON","CLOSED","31.8","25","6.8","18.9","ON","CLOSED","21.4","34.8"
"28/02/2025, 12:15:23","12:15","29.8","25","4.8","22.5","OFF","OPEN","32.1","25","7.1","18.8","OFF","OPEN","21.6","34.6"
"28/02/2025, 12:16:06","12:16","29.7","25","4.7","22.5","ON","CLOSED","31.9","25","6.9","18.8","ON","CLOSED","21.6","34.5"
"28/02/2025, 12:16:40","12:16","29.8","25","4.8","22.6","ON","CLOSED","32.0","25","7.0","18.7","ON","CLOSED","21.7","34.3"
"28/02/2025, 12:17:23","12:17","30.0","25","5.0","22.4","OFF","OPEN","32.3","25","7.3","18.5","OFF","OPEN","21.9","34.2"
"28/02/2025, 12:18:07","12:18","30.0","25","5.0","22.2","ON","CLOSED","32.2","25","7.2","18.5","ON","CLOSED","21.9","34.1"
"28/02/2025, 12:18:41","12:18","30.0","25","5.0","22.4","ON","CLOSED","32.4","25","7.4","18.5","ON","CLOSED","22.1","33.9"
"28/02/2025, 12:19:24","12:19","30.3","25","5.3","22.1","OFF","OPEN","32.6","25","7.6","18.3","OFF","OPEN","22.1","33.8"
"28/02/2025, 12:19:58","12:19","30.2","25","5.2","21.8","OFF","OPEN","32.6","25","7.6","18.2","OFF","OPEN","22.2","33.6"
"28/02/2025, 12:20:35","12:20","29.9","25","4.9","22.0","OFF","OPEN","32.4","25","7.4","18.3","OFF","OPEN","22.3","33.5"
"28/02/2025, 12:21:09","12:21","29.6","25","4.6","22.1","OFF","OPEN","32.2","25","7.2","18.3","OFF","OPEN","22.3","33.5"
"28/02/2025, 12:21:46","12:21","29.3","25","4.3","22.4","ON","OPEN","31.9","25","6.9","18.3","OFF","OPEN","22.3","33.3"
"28/02/2025, 12:22:24","12:22","29.3","25","4.3","22.6","ON","OPEN","31.6","25","6.6","18.5","OFF","CLOSED","22.3","33.2"
"28/02/2025, 12:23:03","12:23","29.4","25","4.4","22.4","OFF","OPEN","31.3","25","6.3","18.9","OFF","OPEN","22.3","33.2"
"28/02/2025, 12:23:46","12:23","29.3","25","4.3","22.4","OFF","CLOSED","31.0","25","6.0","19.2","OFF","CLOSED","22.4","33.1"
"28/02/2025, 12:24:20","12:24","29.0","25","4.0","22.7","ON","CLOSED","30.5","25","5.5","19.4","OFF","CLOSED","22.4","33.3"
"28/02/2025, 12:24:54","12:24","29.1","25","4.1","22.9","ON","CLOSED","30.3","25","5.3","19.8","OFF","CLOSED","22.4","33.4"
"28/02/2025, 12:25:37","12:25","29.2","25","4.2","22.9","OFF","OPEN","30.1","25","5.1","20.1","OFF","OPEN","22.4","33.3"
"28/02/2025, 12:26:15","12:26","29.1","25","4.1","22.8","OFF","CLOSED","29.8","25","4.8","20.4","OFF","OPEN","22.4","33.2"
"28/02/2025, 12:26:56","12:26","28.9","25","3.9","23.1","ON","CLOSED","29.6","25","4.6","20.9","ON","CLOSED","22.4","33.1"
"28/02/2025, 12:27:36","12:27","29.1","25","4.1","23.3","ON","CLOSED","29.9","25","4.9","21.2","ON","OPEN","22.4","33.2"
"28/02/2025, 12:28:14","12:28","29.5","25","4.5","23.0","ON","OPEN","30.2","25","5.2","20.8","ON","OPEN","22.5","33.1"
"28/02/2025, 12:28:53","12:28","30.0","25","5.0","22.5","ON","CLOSED","30.7","25","5.7","20.4","OFF","OPEN","22.4","33.0"
"28/02/2025, 12:29:36","12:29","30.4","25","5.4","22.1","OFF","OPEN","30.9","25","5.9","20.2","OFF","CLOSED","22.4","33.0"
"28/02/2025, 12:30:17","12:30","30.4","25","5.4","21.8","OFF","OPEN","31.0","25","6.0","20.1","OFF","OPEN","22.5","33.1"
"28/02/2025, 12:30:56","12:30","30.2","25","5.2","22.0","OFF","CLOSED","30.9","25","5.9","20.1","OFF","OPEN","22.5","33.1"
"28/02/2025, 12:31:39","12:31","29.9","25","4.9","22.3","ON","OPEN","30.8","25","5.8","20.1","ON","CLOSED","22.6","33.0"
"28/02/2025, 12:32:18","12:32","30.1","25","5.1","22.4","OFF","CLOSED","31.2","25","6.2","20.0","ON","CLOSED","22.6","32.9"
"28/02/2025, 12:32:56","12:32","30.0","25","5.0","22.3","OFF","OPEN","31.5","25","6.5","19.6","OFF","CLOSED","22.7","32.8"
"28/02/2025, 12:33:34","12:33","29.8","25","4.8","22.5","ON","CLOSED","31.5","25","6.5","19.5","OFF","CLOSED","22.8","32.7"
"28/02/2025, 12:34:13","12:34","29.9","25","4.9","22.6","OFF","OPEN","31.5","25","6.5","19.6","ON","CLOSED","22.9","32.5"
"28/02/2025, 12:34:50","12:34","29.9","25","4.9","22.5","ON","OPEN","31.7","25","6.7","19.5","OFF","CLOSED","23.0","32.4"
"28/02/2025, 12:35:28","12:35","30.1","25","5.1","22.4","OFF","OPEN","31.7","25","6.7","19.3","OFF","OPEN","23.1","32.3"
"28/02/2025, 12:36:07","12:36","30.0","25","5.0","22.3","OFF","OPEN","31.6","25","6.6","19.4","OFF","CLOSED","23.1","32.2"
"28/02/2025, 12:36:45","12:36","29.8","25","4.8","22.4","OFF","OPEN","31.5","25","6.5","19.5","OFF","OPEN","23.2","32.1"
"28/02/2025, 12:37:24","12:37","29.6","25","4.6","22.6","OFF","CLOSED","31.3","25","6.3","19.6","OFF","OPEN","23.3","32.0"
"28/02/2025, 12:38:03","12:38","29.3","25","4.3","22.9","ON","OPEN","31.1","25","6.1","19.7","OFF","OPEN","23.4","32.0"
"28/02/2025, 12:38:41","12:38","29.4","25","4.4","22.9","OFF","OPEN","30.9","25","5.9","19.8","OFF","CLOSED","23.4","31.8"
"28/02/2025, 12:39:20","12:39","29.2","25","4.2","22.9","OFF","OPEN","30.6","25","5.6","20.1","OFF","OPEN","23.4","31.7"
"28/02/2025, 12:40:03","12:40","29.0","25","4.0","23.1","ON","CLOSED","30.3","25","5.3","20.3","ON","CLOSED","23.4","31.7"
"28/02/2025, 12:40:37","12:40","28.9","25","3.9","23.4","ON","CLOSED","30.2","25","5.2","20.6","ON","CLOSED","23.5","31.7"
"28/02/2025, 12:41:13","12:41","29.1","25","4.1","23.2","ON","CLOSED","30.4","25","5.4","20.5","ON","CLOSED","23.5","31.5"
"28/02/2025, 12:41:52","12:41","29.8","25","4.8","22.7","ON","CLOSED","30.7","25","5.7","20.3","ON","CLOSED","23.5","31.4"
"28/02/2025, 12:42:26","12:42","30.1","25","5.1","22.5","ON","CLOSED","31.3","25","6.3","19.9","ON","CLOSED","23.6","31.4"
"28/02/2025, 12:42:59","12:42","30.6","25","5.6","22.1","ON","CLOSED","31.7","25","6.7","19.6","ON","CLOSED","23.6","31.4"
"28/02/2025, 12:43:33","12:43","31.1","25","6.1","21.6","ON","CLOSED","32.2","25","7.2","19.1","ON","CLOSED","23.6","31.3"
"28/02/2025, 12:44:07","12:44","31.7","25","6.7","21.1","ON","CLOSED","32.8","25","7.8","18.6","ON","CLOSED","23.6","31.2"
"28/02/2025, 12:44:44","12:44","32.3","25","7.3","20.5","ON","CLOSED","33.4","25","8.4","18.1","ON","CLOSED","23.6","31.2"
"28/02/2025, 12:45:27","12:45","32.8","25","7.8","19.9","OFF","OPEN","34.0","25","9.0","17.6","OFF","OPEN","23.6","31.1"
"28/02/2025, 12:46:01","12:46","32.9","25","7.9","19.4","OFF","OPEN","34.2","25","9.2","17.2","OFF","OPEN","23.6","31.2"
"28/02/2025, 12:46:36","12:46","32.7","25","7.7","19.5","OFF","OPEN","34.2","25","9.2","16.9","OFF","OPEN","23.6","31.1"
"28/02/2025, 12:47:12","12:47","32.3","25","7.3","19.7","OFF","OPEN","34.0","25","9.0","16.9","OFF","OPEN","23.6","31.1"
"28/02/2025, 12:47:46","12:47","31.9","25","6.9","20.2","OFF","OPEN","33.9","25","8.9","17.0","OFF","OPEN","23.6","31.1"
"28/02/2025, 12:48:22","12:48","31.5","25","6.5","20.5","OFF","OPEN","33.6","25","8.6","17.1","OFF","OPEN","23.6","31.0"
"28/02/2025, 12:48:56","12:48","31.0","25","6.0","20.9","OFF","OPEN","33.3","25","8.3","17.3","OFF","OPEN","23.7","31.0"
"28/02/2025, 12:49:30","12:49","30.7","25","5.7","21.3","OFF","OPEN","32.9","25","7.9","17.6","OFF","OPEN","23.7","30.9"
"28/02/2025, 12:50:08","12:50","30.3","25","5.3","21.7","OFF","OPEN","32.6","25","7.6","17.9","ON","CLOSED","23.8","30.8"
"28/02/2025, 12:50:42","12:50","30.1","25","5.1","22.1","OFF","OPEN","32.4","25","7.4","18.3","ON","CLOSED","23.9","30.8"
"28/02/2025, 12:51:16","12:51","29.9","25","4.9","22.3","OFF","OPEN","32.5","25","7.5","18.2","ON","CLOSED","23.9","30.6"
"28/02/2025, 12:51:50","12:51","29.8","25","4.8","22.4","OFF","OPEN","32.6","25","7.6","18.3","ON","CLOSED","23.9","30.6"
"28/02/2025, 12:52:24","12:52","29.6","25","4.6","22.5","OFF","OPEN","32.8","25","7.8","18.0","ON","CLOSED","24.0","30.6"
"28/02/2025, 12:52:58","12:52","29.5","25","4.5","22.6","OFF","OPEN","33.1","25","8.1","17.9","ON","CLOSED","24.0","30.7"
"28/02/2025, 12:53:34","12:53","29.4","25","4.4","22.8","OFF","OPEN","33.4","25","8.4","17.5","ON","CLOSED","23.9","30.6"
"28/02/2025, 12:54:08","12:54","29.3","25","4.3","23.1","OFF","OPEN","33.7","25","8.7","17.4","ON","CLOSED","23.9","30.6"
"28/02/2025, 12:54:42","12:54","29.2","25","4.2","23.2","OFF","OPEN","33.9","25","8.9","17.0","ON","CLOSED","23.9","30.6"
"28/02/2025, 12:55:25","12:55","29.1","25","4.1","23.3","ON","CLOSED","34.2","25","9.2","16.8","OFF","OPEN","24.0","30.5"
"28/02/2025, 12:56:00","12:56","29.3","25","4.3","23.3","ON","CLOSED","34.0","25","9.0","16.7","OFF","OPEN","24.0","30.5"
"28/02/2025, 12:56:34","12:56","29.5","25","4.5","23.0","ON","CLOSED","33.8","25","8.8","16.9","OFF","OPEN","24.0","30.5"
"28/02/2025, 12:57:08","12:57","29.8","25","4.8","22.8","ON","CLOSED","33.6","25","8.6","17.3","OFF","OPEN","24.0","30.5"
"28/02/2025, 12:57:44","12:57","30.2","25","5.2","22.4","ON","CLOSED","33.3","25","8.3","17.5","OFF","OPEN","24.1","30.5"
"28/02/2025, 12:58:19","12:58","30.6","25","5.6","22.0","ON","CLOSED","33.0","25","8.0","17.8","OFF","OPEN","24.1","30.4"
"28/02/2025, 12:58:53","12:58","31.0","25","6.0","21.7","ON","CLOSED","32.8","25","7.8","17.9","OFF","OPEN","24.1","30.3"
"28/02/2025, 12:59:27","12:59","31.4","25","6.4","21.3","ON","CLOSED","32.6","25","7.6","18.1","OFF","OPEN","24.1","30.3"
"28/02/2025, 13:00:06","13:00","31.8","25","6.8","20.9","ON","CLOSED","32.5","25","7.5","18.4","ON","CLOSED","24.1","30.2"
"28/02/2025, 13:00:40","13:00","32.3","25","7.3","20.5","ON","CLOSED","32.5","25","7.5","18.5","ON","CLOSED","24.1","30.2"
"28/02/2025, 13:01:23","13:01","32.7","25","7.7","20.0","OFF","OPEN","32.8","25","7.8","18.3","OFF","OPEN","24.1","30.2"
"28/02/2025, 13:01:57","13:01","33.1","25","8.1","19.2","OFF","OPEN","33.0","25","8.0","18.1","OFF","OPEN","24.1","30.3"
"28/02/2025, 13:02:40","13:02","33.0","25","8.0","19.2","ON","CLOSED","32.9","25","7.9","18.1","ON","CLOSED","24.1","30.2"
"28/02/2025, 13:03:23","13:03","33.1","25","8.1","19.2","OFF","OPEN","33.4","25","8.4","17.7","OFF","OPEN","24.0","30.1"
"28/02/2025, 13:03:57","13:03","33.2","25","8.2","18.9","OFF","OPEN","33.6","25","8.6","17.3","OFF","OPEN","24.0","30.3"
"28/02/2025, 13:04:41","13:04","33.0","25","8.0","19.1","ON","CLOSED","33.6","25","8.6","17.2","ON","CLOSED","24.0","30.3"
"28/02/2025, 13:05:24","13:05","33.0","25","8.0","19.1","OFF","OPEN","33.9","25","8.9","17.0","OFF","OPEN","24.0","30.2"
"28/02/2025, 13:05:57","13:05","33.1","25","8.1","19.0","OFF","OPEN","34.0","25","9.0","16.8","OFF","OPEN","24.0","30.2"
"28/02/2025, 13:06:43","13:06","32.7","25","7.7","19.1","ON","CLOSED","33.9","25","8.9","16.8","ON","CLOSED","24.0","30.4"
"28/02/2025, 13:07:26","13:07","32.8","25","7.8","19.2","OFF","OPEN","34.2","25","9.2","16.7","OFF","OPEN","23.9","30.4"
"28/02/2025, 13:08:09","13:08","32.5","25","7.5","19.3","ON","CLOSED","34.0","25","9.0","16.6","ON","CLOSED","23.9","30.4"
"28/02/2025, 13:08:45","13:08","32.3","25","7.3","19.6","ON","CLOSED","34.0","25","9.0","16.7","ON","CLOSED","23.9","30.4"
"28/02/2025, 13:09:29","13:09","32.5","25","7.5","19.6","OFF","OPEN","34.3","25","9.3","16.6","OFF","OPEN","23.8","30.4"
"28/02/2025, 13:10:12","13:10","32.3","25","7.3","19.5","ON","CLOSED","34.1","25","9.1","16.5","ON","CLOSED","23.8","30.5"
"28/02/2025, 13:10:46","13:10","32.2","25","7.2","19.7","ON","CLOSED","34.1","25","9.1","16.6","ON","CLOSED","23.8","30.6"
"28/02/2025, 13:11:29","13:11","32.4","25","7.4","19.6","OFF","OPEN","34.3","25","9.3","16.4","OFF","OPEN","23.8","30.6"
"28/02/2025, 13:12:14","13:12","32.2","25","7.2","19.6","ON","CLOSED","34.2","25","9.2","16.5","ON","CLOSED","23.7","30.6"
"28/02/2025, 13:12:48","13:12","32.1","25","7.1","19.8","ON","CLOSED","34.1","25","9.1","16.6","ON","CLOSED","23.7","30.6"
"28/02/2025, 13:13:34","13:13","32.3","25","7.3","19.7","OFF","OPEN","34.3","25","9.3","16.4","OFF","OPEN","23.7","30.7"
"28/02/2025, 13:14:17","13:14","32.2","25","7.2","19.6","ON","CLOSED","34.2","25","9.2","16.4","ON","CLOSED","23.7","30.6"
"28/02/2025, 13:14:51","13:14","32.1","25","7.1","19.8","ON","CLOSED","34.2","25","9.2","16.4","ON","CLOSED","23.6","30.7"
"28/02/2025, 13:15:34","13:15","32.3","25","7.3","19.7","OFF","OPEN","34.4","25","9.4","16.3","OFF","OPEN","23.6","30.7"
"28/02/2025, 13:16:17","13:16","32.2","25","7.2","19.6","ON","CLOSED","34.2","25","9.2","16.3","ON","CLOSED","23.6","30.8"
"28/02/2025, 13:16:51","13:16","32.1","25","7.1","19.7","ON","CLOSED","34.2","25","9.2","16.4","ON","CLOSED","23.6","30.8"
"28/02/2025, 13:17:34","13:17","32.3","25","7.3","19.6","OFF","OPEN","34.3","25","9.3","16.3","OFF","OPEN","23.6","30.9"
"28/02/2025, 13:18:17","13:18","32.1","25","7.1","19.6","ON","CLOSED","34.2","25","9.2","16.3","ON","CLOSED","23.5","30.9"
"28/02/2025, 13:18:51","13:18","32.1","25","7.1","19.7","ON","CLOSED","34.2","25","9.2","16.4","ON","CLOSED","23.5","30.9"
"28/02/2025, 13:19:37","13:19","32.3","25","7.3","19.6","OFF","OPEN","34.4","25","9.4","16.2","OFF","OPEN","23.4","31.0"
"28/02/2025, 13:20:11","13:20","32.2","25","7.2","19.6","OFF","OPEN","34.2","25","9.2","16.3","OFF","OPEN","23.4","31.1"
"28/02/2025, 13:20:49","13:20","31.9","25","6.9","19.8","ON","CLOSED","33.9","25","8.9","16.4","OFF","OPEN","23.4","31.1"
"28/02/2025, 13:21:27","13:21","32.0","25","7.0","19.9","ON","OPEN","33.7","25","8.7","16.5","ON","OPEN","23.4","31.2"
"28/02/2025, 13:22:06","13:22","32.2","25","7.2","19.7","OFF","CLOSED","33.8","25","8.8","16.6","OFF","OPEN","23.3","31.2"
"28/02/2025, 13:22:40","13:22","32.0","25","7.0","19.8","OFF","CLOSED","33.7","25","8.7","16.7","ON","OPEN","23.3","31.3"
"28/02/2025, 13:23:19","13:23","31.8","25","6.8","19.9","OFF","OPEN","33.8","25","8.8","16.7","OFF","OPEN","23.3","31.3"
"28/02/2025, 13:24:00","13:24","31.5","25","6.5","20.2","ON","CLOSED","33.6","25","8.6","16.8","OFF","OPEN","23.2","31.4"
"28/02/2025, 13:24:43","13:24","31.5","25","6.5","20.3","OFF","OPEN","33.3","25","8.3","17.0","OFF","CLOSED","23.2","31.5"
"28/02/2025, 13:25:26","13:25","31.3","25","6.3","20.4","OFF","CLOSED","33.0","25","8.0","17.3","OFF","OPEN","23.2","31.6"
"28/02/2025, 13:26:09","13:26","30.9","25","5.9","20.8","OFF","OPEN","32.6","25","7.6","17.6","OFF","CLOSED","23.1","31.6"
"28/02/2025, 13:26:52","13:26","30.5","25","5.5","21.1","OFF","CLOSED","32.2","25","7.2","18.0","OFF","OPEN","23.1","31.6"
"28/02/2025, 13:27:31","13:27","30.1","25","5.1","21.6","OFF","CLOSED","31.8","25","6.8","18.3","ON","CLOSED","23.1","31.6"
"28/02/2025, 13:28:04","13:28","29.9","25","4.9","22.0","OFF","CLOSED","31.8","25","6.8","18.5","ON","CLOSED","23.0","31.8"
"28/02/2025, 13:28:43","13:28","29.7","25","4.7","22.2","ON","OPEN","31.9","25","6.9","18.5","OFF","CLOSED","23.0","31.8"
"28/02/2025, 13:29:22","13:29","29.8","25","4.8","22.2","OFF","CLOSED","31.8","25","6.8","18.5","ON","CLOSED","23.0","31.8"
"28/02/2025, 13:30:05","13:30","29.8","25","4.8","22.2","ON","OPEN","31.9","25","6.9","18.6","OFF","OPEN","23.0","31.9"
"28/02/2025, 13:30:49","13:30","30.0","25","5.0","22.2","ON","CLOSED","31.8","25","6.8","18.6","OFF","CLOSED","22.9","31.9"
"28/02/2025, 13:31:32","13:31","30.2","25","5.2","21.9","OFF","OPEN","31.6","25","6.6","18.8","ON","OPEN","22.9","32.0"
"28/02/2025, 13:32:10","13:32","30.3","25","5.3","21.8","OFF","OPEN","31.8","25","6.8","18.8","OFF","CLOSED","22.9","32.0"
"28/02/2025, 13:32:44","13:32","30.2","25","5.2","21.7","ON","OPEN","31.7","25","6.7","18.8","OFF","CLOSED","22.9","32.0"
"28/02/2025, 13:33:23","13:33","30.3","25","5.3","21.7","OFF","CLOSED","31.6","25","6.6","18.9","OFF","CLOSED","22.9","32.1"
"28/02/2025, 13:34:01","13:34","30.1","25","5.1","21.8","ON","CLOSED","31.4","25","6.4","19.0","OFF","OPEN","22.9","32.1"
"28/02/2025, 13:34:40","13:34","30.2","25","5.2","21.9","OFF","CLOSED","31.2","25","6.2","19.3","OFF","CLOSED","22.9","32.1"
"28/02/2025, 13:35:26","13:35","30.1","25","5.1","21.8","OFF","OPEN","30.7","25","5.7","19.7","OFF","OPEN","22.8","32.2"
"28/02/2025, 13:36:07","13:36","29.9","25","4.9","22.1","OFF","CLOSED","30.7","25","5.7","19.9","ON","OPEN","22.8","32.2"
"28/02/2025, 13:36:45","13:36","29.7","25","4.7","22.3","ON","OPEN","30.8","25","5.8","19.9","OFF","OPEN","22.8","32.2"
"28/02/2025, 13:37:24","13:37","29.8","25","4.8","22.3","OFF","CLOSED","30.7","25","5.7","19.9","OFF","OPEN","22.8","32.3"
"28/02/2025, 13:38:02","13:38","29.7","25","4.7","22.3","OFF","CLOSED","30.5","25","5.5","20.0","OFF","CLOSED","22.8","32.3"
"28/02/2025, 13:38:46","13:38","29.5","25","4.5","22.6","OFF","OPEN","30.4","25","5.4","20.2","OFF","OPEN","22.8","32.3"
"28/02/2025, 13:39:28","13:39","29.1","25","4.1","22.9","OFF","CLOSED","30.1","25","5.1","20.4","OFF","CLOSED","22.7","32.4"
"28/02/2025, 13:40:08","13:40","28.8","25","3.8","23.3","OFF","CLOSED","29.8","25","4.8","20.7","ON","OPEN","22.7","32.4"
"28/02/2025, 13:40:46","13:40","28.6","25","3.6","23.6","ON","CLOSED","30.0","25","5.0","20.7","ON","CLOSED","22.7","32.4"
"28/02/2025, 13:41:20","13:41","28.9","25","3.9","23.6","ON","CLOSED","30.2","25","5.2","20.7","ON","CLOSED","22.7","32.4"
"28/02/2025, 13:41:56","13:41","29.2","25","4.2","23.2","ON","CLOSED","30.6","25","5.6","20.4","ON","CLOSED","22.7","32.4"
"28/02/2025, 13:42:30","13:42","29.7","25","4.7","22.8","ON","CLOSED","31.0","25","6.0","20.0","ON","CLOSED","22.7","32.5"
"28/02/2025, 13:43:05","13:43","30.3","25","5.3","22.3","ON","CLOSED","31.5","25","6.5","19.6","ON","CLOSED","22.7","32.5"
"28/02/2025, 13:43:39","13:43","30.7","25","5.7","21.8","ON","CLOSED","32.0","25","7.0","19.2","ON","CLOSED","22.7","32.4"
"28/02/2025, 13:44:16","13:44","31.2","25","6.2","21.3","ON","CLOSED","32.5","25","7.5","18.7","ON","CLOSED","22.7","32.5"
"28/02/2025, 13:44:52","13:44","31.9","25","6.9","20.7","ON","CLOSED","33.1","25","8.1","18.2","ON","CLOSED","22.7","32.5"
"28/02/2025, 13:45:35","13:45","32.4","25","7.4","20.1","OFF","OPEN","33.6","25","8.6","17.7","OFF","OPEN","22.7","32.5"
"28/02/2025, 13:46:09","13:46","32.7","25","7.7","19.5","OFF","OPEN","34.0","25","9.0","17.1","OFF","OPEN","22.7","32.5"
"28/02/2025, 13:46:43","13:46","32.6","25","7.6","19.4","OFF","OPEN","34.0","25","9.0","16.9","OFF","OPEN","22.7","32.5"
"28/02/2025, 13:47:17","13:47","32.4","25","7.4","19.6","OFF","OPEN","34.0","25","9.0","16.8","OFF","OPEN","22.7","32.5"
"28/02/2025, 13:47:51","13:47","32.0","25","7.0","19.8","OFF","OPEN","33.7","25","8.7","16.9","OFF","OPEN","22.7","32.5"
"28/02/2025, 13:48:25","13:48","31.6","25","6.6","20.2","OFF","OPEN","33.5","25","8.5","17.1","OFF","OPEN","22.7","32.5"
"28/02/2025, 13:49:00","13:49","31.2","25","6.2","20.7","OFF","OPEN","33.1","25","8.1","17.3","OFF","OPEN","22.7","32.5"
"28/02/2025, 13:49:33","13:49","30.8","25","5.8","21.0","OFF","OPEN","32.8","25","7.8","17.6","OFF","OPEN","22.7","32.5"
"28/02/2025, 13:50:10","13:50","30.3","25","5.3","21.5","OFF","OPEN","32.3","25","7.3","17.9","OFF","OPEN","22.7","32.5"
"28/02/2025, 13:50:48","13:50","30.0","25","5.0","21.9","OFF","OPEN","31.9","25","6.9","18.4","ON","CLOSED","22.7","32.6"
"28/02/2025, 13:51:22","13:51","29.7","25","4.7","22.3","OFF","OPEN","31.9","25","6.9","18.6","ON","CLOSED","22.7","32.6"
"28/02/2025, 13:51:58","13:51","29.5","25","4.5","22.6","OFF","OPEN","31.9","25","6.9","18.6","ON","CLOSED","22.7","32.6"
"28/02/2025, 13:52:32","13:52","29.3","25","4.3","22.8","OFF","OPEN","32.1","25","7.1","18.5","ON","CLOSED","22.7","32.6"
"28/02/2025, 13:53:06","13:53","29.2","25","4.2","23.0","OFF","OPEN","32.3","25","7.3","18.4","ON","CLOSED","22.7","32.6"
"28/02/2025, 13:53:40","13:53","29.1","25","4.1","23.1","OFF","OPEN","32.5","25","7.5","18.2","ON","CLOSED","22.7","32.6"
"28/02/2025, 13:54:15","13:54","29.0","25","4.0","23.3","OFF","OPEN","32.8","25","7.8","18.0","ON","CLOSED","22.7","32.6"
"28/02/2025, 13:54:49","13:54","28.9","25","3.9","23.4","OFF","OPEN","33.1","25","8.1","17.8","ON","CLOSED","22.7","32.6"
"28/02/2025, 13:55:32","13:55","28.8","25","3.8","23.5","ON","CLOSED","33.3","25","8.3","17.5","OFF","OPEN","22.7","32.6"
"28/02/2025, 13:56:06","13:56","28.9","25","3.9","23.6","ON","CLOSED","33.3","25","8.3","17.2","OFF","OPEN","22.7","32.6"
"28/02/2025, 13:56:40","13:56","29.1","25","4.1","23.4","ON","CLOSED","33.2","25","8.2","17.3","OFF","OPEN","22.7","32.6"
"28/02/2025, 13:57:14","13:57","29.3","25","4.3","23.1","ON","CLOSED","32.9","25","7.9","17.5","OFF","OPEN","22.7","32.6"
"28/02/2025, 13:57:48","13:57","29.6","25","4.6","22.8","ON","CLOSED","32.6","25","7.6","17.8","OFF","OPEN","22.7","32.6"
"28/02/2025, 13:58:22","13:58","29.9","25","4.9","22.6","ON","CLOSED","32.3","25","7.3","18.1","OFF","OPEN","22.7","32.7"
"28/02/2025, 13:58:56","13:58","30.3","25","5.3","22.3","ON","CLOSED","32.1","25","7.1","18.4","OFF","OPEN","22.7","32.7"
"28/02/2025, 13:59:30","13:59","30.6","25","5.6","21.9","ON","CLOSED","31.8","25","6.8","18.7","OFF","OPEN","22.7","32.6"
"28/02/2025, 14:00:04","14:00","31.0","25","6.0","21.6","ON","CLOSED","31.6","25","6.6","19.0","OFF","OPEN","22.7","32.7"
"28/02/2025, 14:00:43","14:00","31.3","25","6.3","21.3","ON","CLOSED","31.4","25","6.4","19.2","ON","CLOSED","22.7","32.7"
"28/02/2025, 14:01:28","14:01","31.9","25","6.9","20.7","OFF","OPEN","31.7","25","6.7","19.2","OFF","OPEN","22.7","32.7"
"28/02/2025, 14:02:02","14:02","32.2","25","7.2","20.1","OFF","OPEN","31.8","25","6.8","19.1","OFF","OPEN","22.7","32.8"
"28/02/2025, 14:02:45","14:02","32.2","25","7.2","20.0","ON","CLOSED","31.7","25","6.7","19.1","ON","CLOSED","22.7","32.7"
"28/02/2025, 14:03:28","14:03","32.4","25","7.4","19.9","OFF","OPEN","32.2","25","7.2","18.8","OFF","OPEN","22.7","32.7"
"28/02/2025, 14:04:02","14:04","32.4","25","7.4","19.6","OFF","OPEN","32.3","25","7.3","18.5","OFF","OPEN","22.7","32.7"
"28/02/2025, 14:04:48","14:04","32.2","25","7.2","19.8","ON","CLOSED","32.2","25","7.2","18.6","ON","CLOSED","22.7","32.7"
"28/02/2025, 14:05:31","14:05","32.2","25","7.2","19.8","OFF","OPEN","32.6","25","7.6","18.3","OFF","OPEN","22.7","32.7"
"28/02/2025, 14:06:05","14:06","32.3","25","7.3","19.9","OFF","OPEN","32.8","25","7.8","18.1","OFF","OPEN","22.8","32.7"
"28/02/2025, 14:06:48","14:06","32.0","25","7.0","20.0","ON","CLOSED","32.7","25","7.7","18.1","ON","CLOSED","22.7","32.7"
"28/02/2025, 14:07:31","14:07","32.1","25","7.1","20.1","OFF","OPEN","33.0","25","8.0","17.9","OFF","OPEN","22.8","32.7"
"28/02/2025, 14:08:05","14:08","32.1","25","7.1","20.0","OFF","OPEN","33.1","25","8.1","17.7","OFF","OPEN","22.8","32.7"
"28/02/2025, 14:08:48","14:08","31.8","25","6.8","20.2","ON","CLOSED","32.9","25","7.9","17.8","ON","CLOSED","22.7","32.7"
"28/02/2025, 14:09:32","14:09","31.9","25","6.9","20.2","OFF","OPEN","33.2","25","8.2","17.6","OFF","OPEN","22.8","32.7"
"28/02/2025, 14:10:06","14:10","32.0","25","7.0","20.2","OFF","OPEN","33.3","25","8.3","17.5","OFF","OPEN","22.8","32.7"
"28/02/2025, 14:10:49","14:10","31.7","25","6.7","20.3","ON","CLOSED","33.1","25","8.1","17.6","ON","CLOSED","22.8","32.7"
"28/02/2025, 14:11:32","14:11","31.9","25","6.9","20.3","OFF","OPEN","33.4","25","8.4","17.5","OFF","OPEN","22.8","32.7"
"28/02/2025, 14:12:06","14:12","31.9","25","6.9","20.3","OFF","OPEN","33.4","25","8.4","17.4","OFF","OPEN","22.8","32.7"
"28/02/2025, 14:12:51","14:12","31.7","25","6.7","20.4","ON","CLOSED","33.3","25","8.3","17.5","ON","CLOSED","22.8","32.7"
"28/02/2025, 14:13:34","14:13","31.8","25","6.8","20.4","OFF","OPEN","33.5","25","8.5","17.4","OFF","OPEN","22.8","32.7"
"28/02/2025, 14:14:08","14:14","31.9","25","6.9","20.3","OFF","OPEN","33.6","25","8.6","17.3","OFF","OPEN","22.8","32.8"
"28/02/2025, 14:14:51","14:14","31.7","25","6.7","20.4","ON","CLOSED","33.4","25","8.4","17.4","ON","CLOSED","22.8","32.7"
"28/02/2025, 14:15:34","14:15","31.8","25","6.8","20.4","OFF","OPEN","33.6","25","8.6","17.3","OFF","OPEN","22.8","32.7"
"28/02/2025, 14:16:08","14:16","31.9","25","6.9","20.3","OFF","OPEN","33.6","25","8.6","17.2","OFF","OPEN","22.8","32.7"
"28/02/2025, 14:16:51","14:16","31.7","25","6.7","20.4","ON","CLOSED","33.5","25","8.5","17.3","ON","CLOSED","22.8","32.8"
"28/02/2025, 14:17:36","14:17","31.8","25","6.8","20.4","OFF","OPEN","33.7","25","8.7","17.3","OFF","OPEN","22.8","32.7"
"28/02/2025, 14:18:10","14:18","31.9","25","6.9","20.3","OFF","OPEN","33.7","25","8.7","17.1","OFF","OPEN","22.9","32.7"
"28/02/2025, 14:18:53","14:18","31.7","25","6.7","20.4","ON","CLOSED","33.6","25","8.6","17.2","ON","CLOSED","22.9","32.7"
"28/02/2025, 14:19:36","14:19","31.9","25","6.9","20.4","OFF","OPEN","33.8","25","8.8","17.2","OFF","OPEN","22.9","32.7"
"28/02/2025, 14:20:10","14:20","31.9","25","6.9","20.3","OFF","OPEN","33.8","25","8.8","17.0","OFF","OPEN","22.9","32.8"
"28/02/2025, 14:20:49","14:20","31.7","25","6.7","20.5","OFF","CLOSED","33.7","25","8.7","17.2","OFF","OPEN","22.9","32.8"
"28/02/2025, 14:21:32","14:21","31.4","25","6.4","20.8","OFF","CLOSED","33.4","25","8.4","17.3","OFF","CLOSED","22.9","32.8"
"28/02/2025, 14:22:06","14:22","30.9","25","5.9","21.1","OFF","CLOSED","33.1","25","8.1","17.6","ON","CLOSED","22.9","32.8"
"28/02/2025, 14:22:45","14:22","30.7","25","5.7","21.5","OFF","CLOSED","32.9","25","7.9","17.9","OFF","OPEN","22.9","32.8"
"28/02/2025, 14:23:24","14:23","30.4","25","5.4","21.7","OFF","CLOSED","32.8","25","7.8","17.9","OFF","CLOSED","22.9","32.8"
"28/02/2025, 14:24:02","14:24","30.0","25","5.0","22.2","OFF","CLOSED","32.4","25","7.4","18.2","OFF","OPEN","22.9","32.8"
"28/02/2025, 14:24:41","14:24","29.7","25","4.7","22.6","ON","CLOSED","32.1","25","7.1","18.5","OFF","CLOSED","22.9","32.8"
"28/02/2025, 14:25:15","14:25","29.5","25","4.5","22.9","ON","CLOSED","31.7","25","6.7","18.9","OFF","CLOSED","22.9","32.8"
"28/02/2025, 14:25:54","14:25","29.6","25","4.6","22.9","OFF","OPEN","31.4","25","6.4","19.1","OFF","CLOSED","22.9","32.8"
"28/02/2025, 14:26:37","14:26","29.6","25","4.6","22.8","OFF","CLOSED","31.1","25","6.1","19.6","OFF","OPEN","22.9","32.8"
"28/02/2025, 14:27:16","14:27","29.4","25","4.4","23.0","OFF","OPEN","30.7","25","5.7","20.0","OFF","OPEN","22.9","32.8"
"28/02/2025, 14:27:50","14:27","29.2","25","4.2","23.3","OFF","OPEN","30.5","25","5.5","20.4","OFF","OPEN","22.9","32.9"
"28/02/2025, 14:28:24","14:28","29.0","25","4.0","23.5","ON","OPEN","30.2","25","5.2","20.6","OFF","OPEN","22.9","32.8"
"28/02/2025, 14:29:08","14:29","28.9","25","3.9","23.6","OFF","CLOSED","30.0","25","5.0","20.9","OFF","CLOSED","22.9","32.8"
"28/02/2025, 14:29:46","14:29","29.0","25","4.0","23.7","ON","OPEN","29.7","25","4.7","21.2","ON","CLOSED","22.9","32.9"
"28/02/2025, 14:30:25","14:30","29.1","25","4.1","23.8","ON","OPEN","29.7","25","4.7","21.5","OFF","OPEN","22.9","32.9"
"28/02/2025, 14:31:08","14:31","29.5","25","4.5","23.5","OFF","CLOSED","29.8","25","4.8","21.4","ON","CLOSED","22.9","32.9"
"28/02/2025, 14:31:47","14:31","29.8","25","4.8","23.1","ON","OPEN","30.0","25","5.0","21.5","OFF","CLOSED","22.9","32.8"
"28/02/2025, 14:32:21","14:32","29.9","25","4.9","22.9","ON","OPEN","30.2","25","5.2","21.2","OFF","CLOSED","22.9","32.9"
"28/02/2025, 14:33:04","14:33","30.2","25","5.2","22.6","ON","CLOSED","30.3","25","5.3","21.1","OFF","OPEN","23.0","33.0"
"28/02/2025, 14:33:47","14:33","30.6","25","5.6","22.3","ON","OPEN","30.3","25","5.3","21.1","OFF","CLOSED","23.0","33.0"
"28/02/2025, 14:34:21","14:34","31.0","25","6.0","21.7","OFF","OPEN","30.2","25","5.2","21.1","OFF","CLOSED","23.0","32.9"
"28/02/2025, 14:35:02","14:35","31.2","25","6.2","21.4","OFF","CLOSED","30.2","25","5.2","21.2","ON","CLOSED","23.0","33.0"
"28/02/2025, 14:35:41","14:35","31.1","25","6.1","21.5","OFF","CLOSED","30.4","25","5.4","21.3","OFF","OPEN","23.0","32.9"
"28/02/2025, 14:36:24","14:36","31.0","25","6.0","21.5","OFF","OPEN","30.6","25","5.6","20.9","OFF","CLOSED","23.0","33.0"
"28/02/2025, 14:37:03","14:37","30.7","25","5.7","21.8","OFF","OPEN","30.5","25","5.5","20.8","OFF","OPEN","23.0","33.0"
"28/02/2025, 14:37:46","14:37","30.3","25","5.3","22.2","OFF","CLOSED","30.4","25","5.4","20.9","OFF","CLOSED","23.0","32.9"
"28/02/2025, 14:38:20","14:38","30.0","25","5.0","22.5","OFF","CLOSED","30.3","25","5.3","21.1","OFF","CLOSED","23.0","33.0"
"28/02/2025, 14:39:03","14:39","29.7","25","4.7","22.9","OFF","OPEN","30.1","25","5.1","21.2","OFF","OPEN","23.0","33.0"
"28/02/2025, 14:39:41","14:39","29.3","25","4.3","23.4","OFF","OPEN","29.9","25","4.9","21.4","ON","CLOSED","23.0","33.0"
"28/02/2025, 14:40:24","14:40","29.0","25","4.0","23.8","ON","CLOSED","29.8","25","4.8","21.6","ON","OPEN","23.0","33.1"
"28/02/2025, 14:41:03","14:41","29.0","25","4.0","24.1","ON","CLOSED","30.2","25","5.2","21.6","ON","CLOSED","23.0","33.2"
"28/02/2025, 14:41:36","14:41","29.4","25","4.4","23.7","ON","CLOSED","30.5","25","5.5","21.1","ON","CLOSED","23.0","33.2"
"28/02/2025, 14:42:10","14:42","29.8","25","4.8","23.4","ON","CLOSED","30.9","25","5.9","20.8","ON","CLOSED","23.1","33.2"
"28/02/2025, 14:42:44","14:42","30.3","25","5.3","22.9","ON","CLOSED","31.4","25","6.4","20.5","ON","CLOSED","23.1","33.1"
"28/02/2025, 14:43:18","14:43","30.8","25","5.8","22.4","ON","CLOSED","31.9","25","6.9","20.0","ON","CLOSED","23.1","33.1"
"28/02/2025, 14:43:52","14:43","31.3","25","6.3","21.9","ON","CLOSED","32.5","25","7.5","19.5","ON","CLOSED","23.2","33.2"
"28/02/2025, 14:44:26","14:44","31.8","25","6.8","21.4","ON","CLOSED","33.0","25","8.0","19.0","ON","CLOSED","23.2","33.1"
"28/02/2025, 14:44:59","14:44","32.4","25","7.4","20.9","ON","CLOSED","33.6","25","8.6","18.5","ON","CLOSED","23.2","33.1"
"28/02/2025, 14:45:43","14:45","32.9","25","7.9","20.4","OFF","OPEN","34.1","25","9.1","17.9","OFF","OPEN","23.3","33.1"
"28/02/2025, 14:46:17","14:46","33.2","25","8.2","19.8","OFF","OPEN","34.6","25","9.6","17.4","OFF","OPEN","23.3","33.0"
"28/02/2025, 14:46:51","14:46","33.2","25","8.2","19.7","OFF","OPEN","34.6","25","9.6","17.1","OFF","OPEN","23.3","32.9"
"28/02/2025, 14:47:25","14:47","32.9","25","7.9","19.9","OFF","OPEN","34.6","25","9.6","17.0","OFF","OPEN","23.4","32.9"
"28/02/2025, 14:47:59","14:47","32.6","25","7.6","20.1","OFF","OPEN","34.4","25","9.4","17.0","OFF","OPEN","23.4","32.8"
"28/02/2025, 14:48:37","14:48","32.1","25","7.1","20.5","OFF","OPEN","34.2","25","9.2","17.2","OFF","OPEN","23.4","32.8"
"28/02/2025, 14:49:11","14:49","31.7","25","6.7","20.9","OFF","OPEN","33.7","25","8.7","17.4","OFF","OPEN","23.4","32.7"
"28/02/2025, 14:49:47","14:49","31.3","25","6.3","21.3","OFF","OPEN","33.4","25","8.4","17.7","OFF","OPEN","23.4","32.7"
"28/02/2025, 14:50:21","14:50","30.9","25","5.9","21.7","OFF","OPEN","33.0","25","8.0","18.2","OFF","OPEN","23.5","32.7"
"28/02/2025, 14:51:01","14:51","30.5","25","5.5","22.1","OFF","OPEN","32.6","25","7.6","18.5","ON","CLOSED","23.5","32.7"
"28/02/2025, 14:51:35","14:51","30.3","25","5.3","22.6","OFF","OPEN","32.6","25","7.6","18.7","ON","CLOSED","23.5","32.6"
"28/02/2025, 14:52:09","14:52","30.1","25","5.1","22.8","OFF","OPEN","32.6","25","7.6","18.7","ON","CLOSED","23.5","32.6"
"28/02/2025, 14:52:43","14:52","29.9","25","4.9","23.0","OFF","OPEN","32.8","25","7.8","18.7","ON","CLOSED","23.5","32.6"
"28/02/2025, 14:53:17","14:53","29.8","25","4.8","23.2","OFF","OPEN","33.0","25","8.0","18.5","ON","CLOSED","23.6","32.6"
"28/02/2025, 14:53:51","14:53","29.8","25","4.8","23.3","OFF","OPEN","33.3","25","8.3","18.3","ON","CLOSED","23.6","32.5"
"28/02/2025, 14:54:25","14:54","29.6","25","4.6","23.4","OFF","OPEN","33.6","25","8.6","18.0","ON","CLOSED","23.6","32.5"
"28/02/2025, 14:54:59","14:54","29.5","25","4.5","23.5","OFF","OPEN","33.8","25","8.8","17.8","ON","CLOSED","23.6","32.4"
"28/02/2025, 14:55:42","14:55","29.5","25","4.5","23.6","ON","CLOSED","34.0","25","9.0","17.6","OFF","OPEN","23.7","32.4"
"28/02/2025, 14:56:16","14:56","29.5","25","4.5","23.7","ON","CLOSED","34.2","25","9.2","17.3","OFF","OPEN","23.7","32.3"
"28/02/2025, 14:56:50","14:56","29.8","25","4.8","23.5","ON","CLOSED","34.0","25","9.0","17.4","OFF","OPEN","23.7","32.3"
"28/02/2025, 14:57:24","14:57","30.0","25","5.0","23.3","ON","CLOSED","33.8","25","8.8","17.6","OFF","OPEN","23.7","32.4"
"28/02/2025, 14:57:58","14:57","30.3","25","5.3","23.0","ON","CLOSED","33.5","25","8.5","17.8","OFF","OPEN","23.7","32.3"
"28/02/2025, 14:58:32","14:58","30.6","25","5.6","22.7","ON","CLOSED","33.2","25","8.2","18.1","OFF","OPEN","23.8","32.3"
"28/02/2025, 14:59:06","14:59","31.0","25","6.0","22.3","ON","CLOSED","32.9","25","7.9","18.5","OFF","OPEN","23.7","32.3"
"28/02/2025, 14:59:39","14:59","31.4","25","6.4","22.0","ON","CLOSED","32.7","25","7.7","18.6","OFF","OPEN","23.8","32.3"
"28/02/2025, 15:00:13","15:00","31.7","25","6.7","21.7","ON","CLOSED","32.5","25","7.5","18.9","OFF","OPEN","23.8","32.3"
"28/02/2025, 15:00:52","15:00","32.1","25","7.1","21.2","ON","CLOSED","32.3","25","7.3","19.1","ON","CLOSED","23.8","32.2"
"28/02/2025, 15:01:26","15:01","32.7","25","7.7","20.8","ON","CLOSED","32.6","25","7.6","19.1","ON","CLOSED","23.8","32.2"
"28/02/2025, 15:02:09","15:02","33.1","25","8.1","20.3","OFF","OPEN","32.9","25","7.9","18.9","OFF","OPEN","23.8","32.2"
"28/02/2025, 15:02:52","15:02","33.2","25","8.2","19.8","ON","CLOSED","32.9","25","7.9","18.7","ON","CLOSED","23.9","32.2"
"28/02/2025, 15:03:26","15:03","33.2","25","8.2","19.8","ON","CLOSED","33.2","25","8.2","18.7","ON","CLOSED","23.9","32.2"
"28/02/2025, 15:04:09","15:04","33.5","25","8.5","19.6","OFF","OPEN","33.6","25","8.6","18.2","OFF","OPEN","23.9","32.1"
"28/02/2025, 15:04:52","15:04","33.3","25","8.3","19.5","ON","CLOSED","33.6","25","8.6","18.1","ON","CLOSED","23.9","32.1"
"28/02/2025, 15:05:26","15:05","33.2","25","8.2","19.8","ON","CLOSED","33.8","25","8.8","18.0","ON","CLOSED","23.9","32.1"
"28/02/2025, 15:06:09","15:06","33.4","25","8.4","19.7","OFF","OPEN","34.1","25","9.1","17.8","OFF","OPEN","23.9","32.1"
"28/02/2025, 15:06:52","15:06","33.2","25","8.2","19.6","ON","CLOSED","34.1","25","9.1","17.6","ON","CLOSED","23.9","32.1"
"28/02/2025, 15:07:26","15:07","33.1","25","8.1","19.8","ON","CLOSED","34.1","25","9.1","17.6","ON","CLOSED","23.9","32.1"
"28/02/2025, 15:08:09","15:08","33.2","25","8.2","19.8","OFF","OPEN","34.4","25","9.4","17.3","OFF","OPEN","23.9","32.1"
"28/02/2025, 15:08:52","15:08","33.0","25","8.0","19.8","ON","CLOSED","34.3","25","9.3","17.3","ON","CLOSED","23.9","32.1"
"28/02/2025, 15:09:26","15:09","32.9","25","7.9","19.9","ON","CLOSED","34.3","25","9.3","17.3","ON","CLOSED","23.9","32.1"
"28/02/2025, 15:10:09","15:10","33.1","25","8.1","19.9","OFF","OPEN","34.6","25","9.6","17.1","OFF","OPEN","23.9","32.1"
"28/02/2025, 15:10:52","15:10","32.9","25","7.9","19.9","ON","CLOSED","34.5","25","9.5","17.0","ON","CLOSED","23.9","32.2"
"28/02/2025, 15:11:37","15:11","32.9","25","7.9","20.1","OFF","OPEN","34.6","25","9.6","17.1","OFF","OPEN","23.9","32.2"
"28/02/2025, 15:12:11","15:12","32.8","25","7.8","20.0","OFF","OPEN","34.5","25","9.5","16.9","OFF","OPEN","23.8","32.2"
"28/02/2025, 15:12:54","15:12","32.5","25","7.5","20.2","ON","CLOSED","34.4","25","9.4","17.1","ON","CLOSED","23.8","32.2"
"28/02/2025, 15:13:37","15:13","32.7","25","7.7","20.3","OFF","OPEN","34.5","25","9.5","17.1","OFF","OPEN","23.8","32.3"
"28/02/2025, 15:14:11","15:14","32.7","25","7.7","20.2","OFF","OPEN","34.6","25","9.6","17.0","OFF","OPEN","23.8","32.2"
"28/02/2025, 15:14:54","15:14","32.5","25","7.5","20.3","ON","CLOSED","34.3","25","9.3","17.1","ON","CLOSED","23.8","32.3"
"28/02/2025, 15:15:37","15:15","32.6","25","7.6","20.4","OFF","OPEN","34.5","25","9.5","17.1","OFF","OPEN","23.8","32.3"
"28/02/2025, 15:16:11","15:16","32.7","25","7.7","20.2","OFF","OPEN","34.5","25","9.5","16.9","OFF","OPEN","23.8","32.4"
"28/02/2025, 15:16:54","15:16","32.4","25","7.4","20.3","ON","CLOSED","34.3","25","9.3","17.1","ON","CLOSED","23.7","32.4"
"28/02/2025, 15:17:27","15:17","32.6","25","7.6","20.4","ON","CLOSED","34.6","25","9.6","17.0","ON","CLOSED","23.7","32.4"
"28/02/2025, 15:18:10","15:18","32.8","25","7.8","20.2","OFF","OPEN","34.8","25","9.8","16.9","OFF","OPEN","23.7","32.5"
"28/02/2025, 15:18:54","15:18","32.7","25","7.7","20.1","ON","CLOSED","34.6","25","9.6","16.8","ON","CLOSED","23.7","32.5"
"28/02/2025, 15:19:37","15:19","32.9","25","7.9","20.1","OFF","OPEN","34.9","25","9.9","16.8","OFF","OPEN","23.7","32.5"
"28/02/2025, 15:20:11","15:20","33.0","25","8.0","19.9","OFF","OPEN","34.9","25","9.9","16.7","OFF","OPEN","23.7","32.5"
"28/02/2025, 15:20:45","15:20","32.8","25","7.8","20.0","OFF","OPEN","34.7","25","9.7","16.8","ON","OPEN","23.6","32.6"
"28/02/2025, 15:21:24","15:21","32.5","25","7.5","20.3","OFF","OPEN","34.7","25","9.7","16.8","OFF","CLOSED","23.6","32.6"
"28/02/2025, 15:22:10","15:22","32.2","25","7.2","20.5","OFF","CLOSED","34.6","25","9.6","16.7","OFF","OPEN","23.6","32.7"
"28/02/2025, 15:22:53","15:22","31.7","25","6.7","21.0","ON","OPEN","34.3","25","9.3","17.0","ON","CLOSED","23.6","32.6"
"28/02/2025, 15:23:36","15:23","31.5","25","6.5","21.3","ON","CLOSED","34.1","25","9.1","17.2","OFF","OPEN","23.5","32.7"
"28/02/2025, 15:24:14","15:24","31.7","25","6.7","21.3","OFF","CLOSED","34.0","25","9.0","17.3","OFF","CLOSED","23.5","32.8"
"28/02/2025, 15:24:57","15:24","31.7","25","6.7","21.2","ON","OPEN","33.7","25","8.7","17.6","OFF","OPEN","23.5","32.8"
"28/02/2025, 15:25:31","15:25","31.7","25","6.7","21.3","OFF","OPEN","33.3","25","8.3","17.9","ON","OPEN","23.4","32.9"
"28/02/2025, 15:26:10","15:26","31.7","25","6.7","21.2","OFF","OPEN","33.1","25","8.1","18.2","OFF","CLOSED","23.4","33.0"
"28/02/2025, 15:26:51","15:26","31.5","25","6.5","21.4","OFF","CLOSED","33.1","25","8.1","18.2","OFF","CLOSED","23.4","32.9"
"28/02/2025, 15:27:34","15:27","31.2","25","6.2","21.6","OFF","OPEN","32.9","25","7.9","18.4","ON","OPEN","23.4","33.0"
"28/02/2025, 15:28:12","15:28","30.9","25","5.9","21.9","OFF","OPEN","32.8","25","7.8","18.7","OFF","CLOSED","23.4","33.0"
"28/02/2025, 15:28:51","15:28","30.7","25","5.7","22.2","OFF","OPEN","32.8","25","7.8","18.6","OFF","OPEN","23.3","33.0"
"28/02/2025, 15:29:34","15:29","30.3","25","5.3","22.5","OFF","CLOSED","32.5","25","7.5","18.7","OFF","CLOSED","23.3","33.0"
"28/02/2025, 15:30:17","15:30","30.0","25","5.0","22.9","OFF","OPEN","32.2","25","7.2","19.1","OFF","OPEN","23.3","33.1"
"28/02/2025, 15:30:57","15:30","29.6","25","4.6","23.3","OFF","CLOSED","31.7","25","6.7","19.3","ON","OPEN","23.3","33.1"
"28/02/2025, 15:31:35","15:31","29.4","25","4.4","23.7","OFF","OPEN","31.6","25","6.6","19.7","OFF","OPEN","23.2","33.2"
"28/02/2025, 15:32:09","15:32","29.2","25","4.2","23.9","ON","OPEN","31.5","25","6.5","19.8","OFF","OPEN","23.2","33.2"
"28/02/2025, 15:32:48","15:32","29.1","25","4.1","24.1","ON","CLOSED","31.3","25","6.3","20.1","ON","OPEN","23.2","33.2"
"28/02/2025, 15:33:31","15:33","29.4","25","4.4","24.0","ON","OPEN","31.2","25","6.2","20.3","OFF","CLOSED","23.1","33.2"
"28/02/2025, 15:34:14","15:34","29.8","25","4.8","23.6","OFF","CLOSED","31.2","25","6.2","20.2","OFF","OPEN","23.1","33.3"
"28/02/2025, 15:34:57","15:34","30.0","25","5.0","23.2","ON","OPEN","31.0","25","6.0","20.4","OFF","CLOSED","23.1","33.3"
"28/02/2025, 15:35:42","15:35","30.1","25","5.1","23.2","OFF","CLOSED","30.8","25","5.8","20.8","OFF","OPEN","23.1","33.4"
"28/02/2025, 15:36:25","15:36","30.2","25","5.2","22.9","OFF","OPEN","30.6","25","5.6","20.9","OFF","CLOSED","23.0","33.5"
"28/02/2025, 15:37:04","15:37","30.1","25","5.1","23.0","OFF","OPEN","30.3","25","5.3","21.2","ON","OPEN","23.0","33.5"
"28/02/2025, 15:37:43","15:37","29.9","25","4.9","23.2","ON","OPEN","30.4","25","5.4","21.4","OFF","CLOSED","23.0","33.6"
"28/02/2025, 15:38:26","15:38","29.9","25","4.9","23.3","OFF","CLOSED","30.4","25","5.4","21.3","OFF","OPEN","23.0","33.6"
"28/02/2025, 15:39:09","15:39","29.9","25","4.9","23.2","ON","OPEN","30.3","25","5.3","21.3","OFF","CLOSED","22.9","33.6"
"28/02/2025, 15:39:47","15:39","29.9","25","4.9","23.3","ON","CLOSED","30.1","25","5.1","21.6","OFF","CLOSED","22.9","33.7"
"28/02/2025, 15:40:26","15:40","30.1","25","5.1","23.1","OFF","CLOSED","29.9","25","4.9","21.7","ON","OPEN","22.9","33.7"
"28/02/2025, 15:41:05","15:41","30.3","25","5.3","22.9","ON","CLOSED","29.9","25","4.9","21.9","ON","CLOSED","22.9","33.7"
"28/02/2025, 15:41:38","15:41","30.6","25","5.6","22.7","ON","CLOSED","30.3","25","5.3","21.8","ON","CLOSED","22.9","33.7"
"28/02/2025, 15:42:12","15:42","31.1","25","6.1","22.1","ON","CLOSED","30.6","25","5.6","21.4","ON","CLOSED","22.9","33.8"
"28/02/2025, 15:42:46","15:42","31.5","25","6.5","21.8","ON","CLOSED","31.0","25","6.0","21.0","ON","CLOSED","22.8","33.8"
"28/02/2025, 15:43:20","15:43","32.0","25","7.0","21.3","ON","CLOSED","31.4","25","6.4","20.5","ON","CLOSED","22.8","33.8"
"28/02/2025, 15:43:54","15:43","32.4","25","7.4","20.8","ON","CLOSED","31.9","25","6.9","20.1","ON","CLOSED","22.8","33.8"
"28/02/2025, 15:44:30","15:44","32.9","25","7.9","20.3","ON","CLOSED","32.5","25","7.5","19.5","ON","CLOSED","22.8","33.8"
"28/02/2025, 15:45:05","15:45","33.4","25","8.4","19.8","ON","CLOSED","33.1","25","8.1","19.0","ON","CLOSED","22.8","33.8"
"28/02/2025, 15:45:48","15:45","33.8","25","8.8","19.4","OFF","OPEN","33.6","25","8.6","18.5","OFF","OPEN","22.8","33.8"
"28/02/2025, 15:46:23","15:46","34.0","25","9.0","18.9","OFF","OPEN","33.8","25","8.8","17.9","OFF","OPEN","22.8","33.8"
"28/02/2025, 15:46:57","15:46","33.8","25","8.8","18.9","OFF","OPEN","33.9","25","8.9","17.8","OFF","OPEN","22.8","33.8"
"28/02/2025, 15:47:30","15:47","33.5","25","8.5","19.1","OFF","OPEN","33.9","25","8.9","17.7","OFF","OPEN","22.8","33.8"
"28/02/2025, 15:48:04","15:48","33.1","25","8.1","19.5","OFF","OPEN","33.7","25","8.7","17.8","OFF","OPEN","22.7","33.8"
"28/02/2025, 15:48:38","15:48","32.6","25","7.6","19.9","OFF","OPEN","33.4","25","8.4","17.9","OFF","OPEN","22.8","33.8"
"28/02/2025, 15:49:12","15:49","32.1","25","7.1","20.4","OFF","OPEN","33.1","25","8.1","18.1","OFF","OPEN","22.7","33.9"
"28/02/2025, 15:49:46","15:49","31.6","25","6.6","20.8","OFF","OPEN","32.7","25","7.7","18.5","OFF","OPEN","22.7","33.9"
"28/02/2025, 15:50:20","15:50","31.2","25","6.2","21.3","OFF","OPEN","32.3","25","7.3","18.7","OFF","OPEN","22.7","33.9"
"28/02/2025, 15:50:58","15:50","30.8","25","5.8","21.8","OFF","OPEN","31.9","25","6.9","19.1","ON","CLOSED","22.7","33.9"
"28/02/2025, 15:51:32","15:51","30.4","25","5.4","22.3","OFF","OPEN","31.9","25","6.9","19.4","ON","CLOSED","22.7","34.0"
"28/02/2025, 15:52:06","15:52","30.2","25","5.2","22.5","OFF","OPEN","31.9","25","6.9","19.4","ON","CLOSED","22.7","34.0"
"28/02/2025, 15:52:40","15:52","30.0","25","5.0","22.9","OFF","OPEN","32.0","25","7.0","19.3","ON","CLOSED","22.7","34.1"
"28/02/2025, 15:53:15","15:53","29.8","25","4.8","23.1","OFF","OPEN","32.2","25","7.2","19.2","ON","CLOSED","22.6","34.0"
"28/02/2025, 15:53:49","15:53","29.6","25","4.6","23.3","OFF","OPEN","32.4","25","7.4","19.1","ON","CLOSED","22.6","34.1"
"28/02/2025, 15:54:24","15:54","29.5","25","4.5","23.5","OFF","OPEN","32.6","25","7.6","18.9","ON","CLOSED","22.6","34.1"
"28/02/2025, 15:54:57","15:54","29.4","25","4.4","23.6","OFF","OPEN","32.8","25","7.8","18.7","ON","CLOSED","22.6","34.1"
"28/02/2025, 15:55:41","15:55","29.3","25","4.3","23.8","ON","CLOSED","33.0","25","8.0","18.5","OFF","OPEN","22.6","34.1"
"28/02/2025, 15:56:15","15:56","29.2","25","4.2","24.0","ON","CLOSED","33.1","25","8.1","18.4","OFF","OPEN","22.6","34.2"
"28/02/2025, 15:56:51","15:56","29.4","25","4.4","23.9","ON","CLOSED","32.8","25","7.8","18.4","OFF","OPEN","22.6","34.2"
"28/02/2025, 15:57:26","15:57","29.7","25","4.7","23.6","ON","CLOSED","32.5","25","7.5","18.7","OFF","OPEN","22.6","34.2"
"28/02/2025, 15:58:00","15:58","29.9","25","4.9","23.4","ON","CLOSED","32.2","25","7.2","19.0","OFF","OPEN","22.5","34.2"
"28/02/2025, 15:58:34","15:58","30.1","25","5.1","23.1","ON","CLOSED","31.8","25","6.8","19.4","OFF","OPEN","22.5","34.3"
"28/02/2025, 15:59:09","15:59","30.5","25","5.5","22.8","ON","CLOSED","31.5","25","6.5","19.8","OFF","OPEN","22.5","34.3"
"28/02/2025, 15:59:43","15:59","30.8","25","5.8","22.5","ON","CLOSED","31.3","25","6.3","20.0","OFF","OPEN","22.5","34.3"
"28/02/2025, 16:00:17","16:00","31.1","25","6.1","22.1","ON","CLOSED","31.0","25","6.0","20.3","OFF","OPEN","22.5","34.3"
"28/02/2025, 16:00:56","16:00","31.4","25","6.4","21.8","ON","CLOSED","30.8","25","5.8","20.6","ON","CLOSED","22.5","34.4"
"28/02/2025, 16:01:41","16:01","31.9","25","6.9","21.3","OFF","OPEN","31.0","25","6.0","20.7","OFF","OPEN","22.4","34.4"
"28/02/2025, 16:02:15","16:02","32.2","25","7.2","20.8","OFF","OPEN","31.1","25","6.1","20.6","OFF","OPEN","22.4","34.5"
"28/02/2025, 16:03:01","16:03","32.1","25","7.1","20.7","ON","CLOSED","31.0","25","6.0","20.7","ON","CLOSED","22.4","34.5"
"28/02/2025, 16:03:44","16:03","32.3","25","7.3","20.7","OFF","OPEN","31.4","25","6.4","20.4","OFF","OPEN","22.4","34.5"
"28/02/2025, 16:04:20","16:04","32.2","25","7.2","20.5","OFF","OPEN","31.5","25","6.5","20.1","OFF","OPEN","22.4","34.5"
"28/02/2025, 16:05:05","16:05","32.0","25","7.0","20.7","ON","CLOSED","31.4","25","6.4","20.1","ON","CLOSED","22.4","34.5"
"28/02/2025, 16:05:49","16:05","32.1","25","7.1","20.7","OFF","OPEN","31.7","25","6.7","19.9","OFF","OPEN","22.3","34.6"
"28/02/2025, 16:06:26","16:06","32.1","25","7.1","20.7","OFF","OPEN","31.8","25","6.8","19.7","OFF","OPEN","22.3","34.7"
"28/02/2025, 16:07:09","16:07","31.8","25","6.8","20.8","ON","CLOSED","31.6","25","6.6","19.8","ON","CLOSED","22.3","34.6"
"28/02/2025, 16:07:53","16:07","31.8","25","6.8","21.0","OFF","OPEN","32.0","25","7.0","19.6","OFF","OPEN","22.3","34.6"
"28/02/2025, 16:08:27","16:08","31.8","25","6.8","20.8","OFF","OPEN","32.0","25","7.0","19.5","OFF","OPEN","22.3","34.6"
"28/02/2025, 16:09:10","16:09","31.5","25","6.5","21.1","ON","CLOSED","31.8","25","6.8","19.6","ON","CLOSED","22.3","34.7"
"28/02/2025, 16:09:53","16:09","31.6","25","6.6","21.2","OFF","OPEN","32.1","25","7.1","19.4","OFF","OPEN","22.3","34.7"
"28/02/2025, 16:10:27","16:10","31.6","25","6.6","21.1","OFF","OPEN","32.1","25","7.1","19.3","OFF","OPEN","22.3","34.7"
"28/02/2025, 16:11:10","16:11","31.4","25","6.4","21.3","ON","CLOSED","32.0","25","7.0","19.4","ON","CLOSED","22.3","34.7"
"28/02/2025, 16:11:53","16:11","31.5","25","6.5","21.3","OFF","OPEN","32.2","25","7.2","19.3","OFF","OPEN","22.2","34.7"
"28/02/2025, 16:12:27","16:12","31.5","25","6.5","21.2","OFF","OPEN","32.1","25","7.1","19.3","OFF","OPEN","22.2","34.7"
"28/02/2025, 16:13:10","16:13","31.2","25","6.2","21.4","ON","CLOSED","32.0","25","7.0","19.3","ON","CLOSED","22.2","34.8"
"28/02/2025, 16:13:55","16:13","31.4","25","6.4","21.4","OFF","OPEN","32.2","25","7.2","19.2","OFF","OPEN","22.2","34.7"
"28/02/2025, 16:14:38","16:14","31.4","25","6.4","21.3","ON","CLOSED","32.2","25","7.2","19.2","ON","CLOSED","22.2","34.7"
"28/02/2025, 16:15:12","16:15","31.4","25","6.4","21.5","ON","CLOSED","32.3","25","7.3","19.3","ON","CLOSED","22.2","34.8"
"28/02/2025, 16:15:55","16:15","31.6","25","6.6","21.2","OFF","OPEN","32.4","25","7.4","19.0","OFF","OPEN","22.2","34.8"
"28/02/2025, 16:16:39","16:16","31.4","25","6.4","21.3","ON","CLOSED","32.2","25","7.2","19.1","ON","CLOSED","22.1","34.8"
"28/02/2025, 16:17:13","16:17","31.3","25","6.3","21.4","ON","CLOSED","32.3","25","7.3","19.1","ON","CLOSED","22.1","34.9"
"28/02/2025, 16:17:56","16:17","31.5","25","6.5","21.3","OFF","OPEN","32.5","25","7.5","18.9","OFF","OPEN","22.1","34.9"
"28/02/2025, 16:18:40","16:18","31.3","25","6.3","21.3","ON","CLOSED","32.3","25","7.3","19.1","ON","CLOSED","22.1","34.9"
"28/02/2025, 16:19:14","16:19","31.2","25","6.2","21.5","ON","CLOSED","32.3","25","7.3","19.1","ON","CLOSED","22.1","34.9"
"28/02/2025, 16:19:57","16:19","31.4","25","6.4","21.4","OFF","OPEN","32.4","25","7.4","18.9","OFF","OPEN","22.1","34.9"
"28/02/2025, 16:20:31","16:20","31.2","25","6.2","21.4","OFF","OPEN","32.2","25","7.2","19.0","OFF","OPEN","22.1","34.9"
"28/02/2025, 16:21:05","16:21","30.9","25","5.9","21.7","ON","OPEN","32.0","25","7.0","19.2","ON","OPEN","22.1","34.9"
"28/02/2025, 16:21:48","16:21","31.0","25","6.0","21.7","OFF","CLOSED","32.2","25","7.2","19.2","OFF","CLOSED","22.1","35.0"
"28/02/2025, 16:22:31","16:22","30.7","25","5.7","21.9","OFF","OPEN","31.9","25","6.9","19.2","OFF","OPEN","22.0","35.0"
"28/02/2025, 16:23:10","16:23","30.3","25","5.3","22.3","OFF","CLOSED","31.5","25","6.5","19.6","OFF","OPEN","22.0","35.0"
"28/02/2025, 16:23:55","16:23","30.0","25","5.0","22.7","OFF","OPEN","31.2","25","6.2","19.9","OFF","CLOSED","22.0","35.0"
"28/02/2025, 16:24:37","16:24","29.5","25","4.5","23.3","ON","OPEN","30.7","25","5.7","20.3","ON","OPEN","22.0","35.0"
"28/02/2025, 16:25:11","16:25","29.5","25","4.5","23.5","OFF","OPEN","30.8","25","5.8","20.5","OFF","OPEN","22.0","35.1"
"28/02/2025, 16:25:54","16:25","29.3","25","4.3","23.6","ON","CLOSED","30.6","25","5.6","20.5","OFF","CLOSED","22.0","35.1"
"28/02/2025, 16:26:37","16:26","29.3","25","4.3","23.7","OFF","OPEN","30.3","25","5.3","20.9","OFF","OPEN","22.0","35.1"
"28/02/2025, 16:27:11","16:27","29.1","25","4.1","23.8","ON","OPEN","29.9","25","4.9","21.4","ON","OPEN","21.9","35.1"
"28/02/2025, 16:27:52","16:27","29.4","25","4.4","23.8","OFF","OPEN","30.1","25","5.1","21.6","OFF","CLOSED","21.9","35.1"
"28/02/2025, 16:28:26","16:28","29.3","25","4.3","23.7","OFF","OPEN","29.9","25","4.9","21.5","OFF","CLOSED","21.9","35.2"
"28/02/2025, 16:29:05","16:29","29.1","25","4.1","23.9","OFF","OPEN","29.7","25","4.7","21.6","OFF","OPEN","21.9","35.2"
"28/02/2025, 16:29:45","16:29","28.8","25","3.8","24.2","OFF","CLOSED","29.5","25","4.5","21.9","ON","OPEN","21.9","35.2"
"28/02/2025, 16:30:20","16:30","28.6","25","3.6","24.5","ON","CLOSED","29.6","25","4.6","22.0","OFF","OPEN","21.9","35.2"
"28/02/2025, 16:30:54","16:30","28.7","25","3.7","24.5","OFF","CLOSED","29.5","25","4.5","22.1","ON","OPEN","21.9","35.2"
"28/02/2025, 16:31:33","16:31","28.6","25","3.6","24.5","ON","OPEN","29.7","25","4.7","21.9","ON","OPEN","21.9","35.3"
"28/02/2025, 16:32:14","16:32","28.9","25","3.9","24.4","OFF","CLOSED","30.1","25","5.1","21.7","ON","OPEN","21.9","35.3"
"28/02/2025, 16:32:48","16:32","29.0","25","4.0","24.2","OFF","CLOSED","30.5","25","5.5","21.3","OFF","OPEN","21.8","35.3"
"28/02/2025, 16:33:32","16:33","28.9","25","3.9","24.3","OFF","OPEN","30.4","25","5.4","21.0","OFF","CLOSED","21.8","35.3"
"28/02/2025, 16:34:11","16:34","28.6","25","3.6","24.5","ON","OPEN","30.2","25","5.2","21.2","OFF","OPEN","21.8","35.3"
"28/02/2025, 16:34:49","16:34","28.6","25","3.6","24.6","ON","CLOSED","30.0","25","5.0","21.4","OFF","OPEN","21.8","35.3"
"28/02/2025, 16:35:32","16:35","28.8","25","3.8","24.4","OFF","OPEN","29.8","25","4.8","21.6","OFF","CLOSED","21.8","35.3"
"28/02/2025, 16:36:11","16:36","28.7","25","3.7","24.4","OFF","CLOSED","29.4","25","4.4","21.9","OFF","CLOSED","21.8","35.4"
"28/02/2025, 16:36:45","16:36","28.5","25","3.5","24.6","ON","CLOSED","29.1","25","4.1","22.4","OFF","CLOSED","21.7","35.4"
"28/02/2025, 16:37:24","16:37","28.6","25","3.6","24.6","ON","CLOSED","28.9","25","3.9","22.4","ON","OPEN","21.7","35.5"
"28/02/2025, 16:38:01","16:38","28.9","25","3.9","24.3","ON","CLOSED","29.1","25","4.1","22.8","ON","OPEN","21.7","35.4"
"28/02/2025, 16:38:36","16:38","29.3","25","4.3","24.0","ON","CLOSED","29.3","25","4.3","22.3","OFF","OPEN","21.7","35.5"
"28/02/2025, 16:39:19","16:39","29.7","25","4.7","23.6","OFF","OPEN","29.3","25","4.3","22.4","ON","CLOSED","21.7","35.5"
"28/02/2025, 16:40:00","16:40","29.8","25","4.8","23.3","OFF","OPEN","29.8","25","4.8","22.1","ON","OPEN","21.7","35.5"
"28/02/2025, 16:40:46","16:40","29.8","25","4.8","23.2","ON","CLOSED","30.2","25","5.2","21.8","ON","CLOSED","21.7","35.6"
"28/02/2025, 16:41:20","16:41","29.8","25","4.8","23.2","ON","CLOSED","30.5","25","5.5","21.4","ON","CLOSED","21.7","35.6"
"28/02/2025, 16:41:54","16:41","30.1","25","5.1","23.1","ON","CLOSED","30.9","25","5.9","20.9","ON","CLOSED","21.7","35.5"
"28/02/2025, 16:42:28","16:42","30.3","25","5.3","22.8","ON","CLOSED","31.3","25","6.3","20.5","ON","CLOSED","21.7","35.6"
"28/02/2025, 16:43:02","16:43","30.7","25","5.7","22.4","ON","CLOSED","31.6","25","6.6","20.2","ON","CLOSED","21.7","35.6"
"28/02/2025, 16:43:36","16:43","31.0","25","6.0","22.0","ON","CLOSED","31.9","25","6.9","19.8","ON","CLOSED","21.7","35.6"
"28/02/2025, 16:44:10","16:44","31.4","25","6.4","21.6","ON","CLOSED","32.3","25","7.3","19.4","ON","CLOSED","21.6","35.6"
"28/02/2025, 16:44:44","16:44","31.8","25","6.8","21.2","ON","CLOSED","32.8","25","7.8","19.0","ON","CLOSED","21.7","35.6"
"28/02/2025, 16:45:19","16:45","32.1","25","7.1","20.8","ON","CLOSED","33.2","25","8.2","18.6","ON","CLOSED","21.7","35.6"
"28/02/2025, 16:46:02","16:46","32.5","25","7.5","20.4","OFF","OPEN","33.6","25","8.6","18.0","OFF","OPEN","21.7","35.6"
"28/02/2025, 16:46:36","16:46","32.4","25","7.4","20.3","OFF","OPEN","33.6","25","8.6","18.0","OFF","OPEN","21.7","35.6"
"28/02/2025, 16:47:10","16:47","32.2","25","7.2","20.4","OFF","OPEN","33.4","25","8.4","17.9","OFF","OPEN","21.7","35.7"
"28/02/2025, 16:47:44","16:47","31.7","25","6.7","20.7","OFF","OPEN","33.1","25","8.1","18.0","OFF","OPEN","21.7","35.6"
"28/02/2025, 16:48:19","16:48","31.3","25","6.3","21.1","OFF","OPEN","32.9","25","7.9","18.2","OFF","OPEN","21.7","35.7"
"28/02/2025, 16:48:55","16:48","30.8","25","5.8","21.6","OFF","OPEN","32.5","25","7.5","18.5","OFF","OPEN","21.6","35.7"
"28/02/2025, 16:49:29","16:49","30.3","25","5.3","22.1","OFF","OPEN","32.0","25","7.0","18.8","OFF","OPEN","21.6","35.7"
"28/02/2025, 16:50:04","16:50","29.8","25","4.8","22.7","OFF","OPEN","31.6","25","6.6","19.3","OFF","OPEN","21.6","35.7"
"28/02/2025, 16:50:42","16:50","29.3","25","4.3","23.2","OFF","OPEN","31.2","25","6.2","19.7","ON","CLOSED","21.6","35.7"
"28/02/2025, 16:51:16","16:51","28.9","25","3.9","23.8","OFF","OPEN","30.9","25","5.9","20.2","ON","CLOSED","21.6","35.7"
"28/02/2025, 16:51:52","16:51","28.6","25","3.6","24.2","OFF","OPEN","30.9","25","5.9","20.3","ON","CLOSED","21.6","35.8"
"28/02/2025, 16:52:26","16:52","28.4","25","3.4","24.5","OFF","OPEN","30.9","25","5.9","20.3","ON","CLOSED","21.6","35.7"
"28/02/2025, 16:53:00","16:53","28.2","25","3.2","24.7","OFF","OPEN","31.1","25","6.1","20.2","ON","CLOSED","21.6","35.8"
"28/02/2025, 16:53:34","16:53","28.0","25","3.0","25.0","OFF","OPEN","31.1","25","6.1","20.2","ON","CLOSED","21.6","35.8"
"28/02/2025, 16:54:08","16:54","27.9","25","2.9","25.3","OFF","OPEN","31.3","25","6.3","20.0","ON","CLOSED","21.5","35.8"
"28/02/2025, 16:54:42","16:54","27.8","25","2.8","25.6","OFF","OPEN","31.5","25","6.5","19.8","ON","CLOSED","21.5","35.8"
"28/02/2025, 16:55:16","16:55","27.7","25","2.7","25.7","OFF","OPEN","31.8","25","6.8","19.6","ON","CLOSED","21.5","35.8"
"28/02/2025, 16:55:59","16:55","27.6","25","2.6","26.0","ON","CLOSED","32.0","25","7.0","19.4","OFF","OPEN","21.6","35.7"
"28/02/2025, 16:56:34","16:56","27.7","25","2.7","25.7","ON","CLOSED","31.8","25","6.8","19.2","OFF","OPEN","21.5","35.8"
"28/02/2025, 16:57:09","16:57","27.9","25","2.9","25.6","ON","CLOSED","31.5","25","6.5","19.4","OFF","OPEN","21.5","35.9"
"28/02/2025, 16:57:42","16:57","28.2","25","3.2","25.4","ON","CLOSED","31.2","25","6.2","19.8","OFF","OPEN","21.5","35.9"
"28/02/2025, 16:58:16","16:58","28.5","25","3.5","25.0","ON","CLOSED","30.9","25","5.9","20.1","OFF","OPEN","21.5","35.9"
"28/02/2025, 16:58:50","16:58","28.8","25","3.8","24.6","ON","CLOSED","30.6","25","5.6","20.5","OFF","OPEN","21.5","35.9"
"28/02/2025, 16:59:27","16:59","29.1","25","4.1","24.2","ON","CLOSED","30.3","25","5.3","20.8","OFF","OPEN","21.5","35.9"
"28/02/2025, 17:00:01","17:00","29.5","25","4.5","23.8","ON","CLOSED","30.1","25","5.1","21.2","OFF","OPEN","21.5","35.9"
"28/02/2025, 17:00:40","17:00","29.9","25","4.9","23.4","ON","CLOSED","29.8","25","4.8","21.5","ON","CLOSED","21.5","35.9"
"28/02/2025, 17:01:14","17:01","30.3","25","5.3","22.9","ON","CLOSED","29.8","25","4.8","21.6","ON","CLOSED","21.5","36.0"
"28/02/2025, 17:01:57","17:01","30.7","25","5.7","22.4","OFF","OPEN","30.1","25","5.1","21.5","OFF","OPEN","21.4","36.0"
"28/02/2025, 17:02:31","17:02","30.8","25","5.8","22.1","OFF","OPEN","30.0","25","5.0","21.6","OFF","OPEN","21.4","35.9"
"28/02/2025, 17:03:14","17:03","30.6","25","5.6","22.2","ON","CLOSED","29.9","25","4.9","21.5","ON","CLOSED","21.4","36.0"
"28/02/2025, 17:03:57","17:03","30.7","25","5.7","22.1","OFF","OPEN","30.3","25","5.3","21.3","OFF","OPEN","21.4","35.9"
"28/02/2025, 17:04:40","17:04","30.5","25","5.5","22.2","ON","CLOSED","30.1","25","5.1","21.3","ON","CLOSED","21.4","36.0"
"28/02/2025, 17:05:14","17:05","30.3","25","5.3","22.4","ON","CLOSED","30.3","25","5.3","21.3","ON","CLOSED","21.4","36.0"
"28/02/2025, 17:05:57","17:05","30.4","25","5.4","22.4","OFF","OPEN","30.5","25","5.5","21.1","OFF","OPEN","21.4","36.0"
"28/02/2025, 17:06:41","17:06","30.2","25","5.2","22.5","ON","CLOSED","30.4","25","5.4","20.9","ON","CLOSED","21.4","36.0"
"28/02/2025, 17:07:14","17:07","30.1","25","5.1","22.7","ON","CLOSED","30.5","25","5.5","21.0","ON","CLOSED","21.4","36.1"
"28/02/2025, 17:07:58","17:07","30.3","25","5.3","22.6","OFF","OPEN","30.7","25","5.7","20.8","OFF","OPEN","21.4","36.0"
"28/02/2025, 17:08:41","17:08","30.1","25","5.1","22.6","ON","CLOSED","30.6","25","5.6","20.8","ON","CLOSED","21.4","36.0"
"28/02/2025, 17:09:15","17:09","30.0","25","5.0","22.9","ON","CLOSED","30.7","25","5.7","20.8","ON","CLOSED","21.4","36.1"
"28/02/2025, 17:09:58","17:09","30.2","25","5.2","22.8","OFF","OPEN","31.0","25","6.0","20.6","OFF","OPEN","21.4","36.1"
"28/02/2025, 17:10:41","17:10","29.9","25","4.9","22.7","ON","CLOSED","30.8","25","5.8","20.5","ON","CLOSED","21.4","36.1"
"28/02/2025, 17:11:15","17:11","29.9","25","4.9","22.9","ON","CLOSED","30.9","25","5.9","20.6","ON","CLOSED","21.4","36.1"
"28/02/2025, 17:11:58","17:11","30.1","25","5.1","22.8","OFF","OPEN","31.1","25","6.1","20.4","OFF","OPEN","21.4","36.1"
"28/02/2025, 17:12:42","17:12","29.9","25","4.9","22.8","ON","CLOSED","30.9","25","5.9","20.3","ON","CLOSED","21.4","36.1"
"28/02/2025, 17:13:16","17:13","29.8","25","4.8","23.1","ON","CLOSED","31.0","25","6.0","20.5","ON","CLOSED","21.4","36.1"
"28/02/2025, 17:14:01","17:14","30.0","25","5.0","22.9","OFF","OPEN","31.2","25","6.2","20.3","OFF","OPEN","21.4","36.1"
"28/02/2025, 17:14:56","17:14","29.8","25","4.8","22.9","ON","CLOSED","30.9","25","5.9","20.5","ON","CLOSED","21.4","36.2"
"28/02/2025, 17:15:30","17:15","29.6","25","4.6","23.3","ON","CLOSED","31.0","25","6.0","20.4","ON","CLOSED","21.3","36.2"
"28/02/2025, 17:16:13","17:16","29.8","25","4.8","23.1","OFF","OPEN","31.2","25","6.2","20.2","OFF","OPEN","21.3","36.2"
"28/02/2025, 17:16:57","17:16","29.7","25","4.7","23.1","ON","CLOSED","30.9","25","5.9","20.2","ON","CLOSED","21.3","36.2"
"28/02/2025, 17:17:30","17:17","29.6","25","4.6","23.3","ON","CLOSED","31.0","25","6.0","20.5","ON","CLOSED","21.3","36.2"
"28/02/2025, 17:18:14","17:18","29.8","25","4.8","23.1","OFF","OPEN","31.2","25","6.2","20.3","OFF","OPEN","21.3","36.2"
"28/02/2025, 17:18:57","17:18","29.6","25","4.6","23.2","ON","CLOSED","31.0","25","6.0","20.3","ON","CLOSED","21.3","36.2"
"28/02/2025, 17:19:41","17:19","29.6","25","4.6","23.4","OFF","OPEN","31.1","25","6.1","20.3","OFF","OPEN","21.3","36.2"
"28/02/2025, 17:20:15","17:20","29.6","25","4.6","23.3","OFF","OPEN","31.1","25","6.1","20.2","OFF","OPEN","21.3","36.3"
"28/02/2025, 17:20:49","17:20","29.4","25","4.4","23.4","ON","OPEN","30.8","25","5.8","20.4","OFF","OPEN","21.3","36.3"
"28/02/2025, 17:21:23","17:21","29.2","25","4.2","23.7","ON","OPEN","30.6","25","5.6","20.6","ON","OPEN","21.3","36.3"
"28/02/2025, 17:22:02","17:22","29.3","25","4.3","23.7","ON","OPEN","30.6","25","5.6","20.8","OFF","CLOSED","21.3","36.3"
"28/02/2025, 17:22:38","17:22","29.6","25","4.6","23.4","ON","OPEN","30.6","25","5.6","20.7","OFF","CLOSED","21.3","36.3"
"28/02/2025, 17:23:17","17:23","29.8","25","4.8","23.3","ON","OPEN","30.4","25","5.4","20.9","OFF","OPEN","21.3","36.3"
"28/02/2025, 17:23:55","17:23","30.0","25","5.0","23.0","OFF","CLOSED","30.2","25","5.2","21.2","OFF","OPEN","21.2","36.3"
"28/02/2025, 17:24:34","17:24","30.1","25","5.1","22.8","OFF","CLOSED","30.1","25","5.1","21.4","ON","CLOSED","21.2","36.4"
"28/02/2025, 17:25:15","17:25","29.9","25","4.9","22.9","OFF","CLOSED","30.0","25","5.0","21.5","OFF","OPEN","21.2","36.4"
"28/02/2025, 17:25:54","17:25","29.6","25","4.6","23.1","OFF","OPEN","30.1","25","5.1","21.4","OFF","OPEN","21.2","36.4"
"28/02/2025, 17:26:37","17:26","29.3","25","4.3","23.5","ON","CLOSED","29.9","25","4.9","21.4","OFF","CLOSED","21.2","36.4"
"28/02/2025, 17:27:16","17:27","29.1","25","4.1","23.8","ON","OPEN","29.7","25","4.7","21.8","OFF","CLOSED","21.2","36.4"
"28/02/2025, 17:27:54","17:27","29.1","25","4.1","23.9","OFF","CLOSED","29.4","25","4.4","22.2","OFF","CLOSED","21.2","36.5"
"28/02/2025, 17:28:33","17:28","29.1","25","4.1","23.8","ON","CLOSED","29.1","25","4.1","22.3","OFF","OPEN","21.2","36.5"
"28/02/2025, 17:29:11","17:29","28.9","25","3.9","24.1","ON","CLOSED","28.9","25","3.9","22.7","OFF","CLOSED","21.2","36.5"
"28/02/2025, 17:29:54","17:29","29.1","25","4.1","24.0","ON","OPEN","28.7","25","3.7","22.7","ON","OPEN","21.2","36.6"
"28/02/2025, 17:30:40","17:30","29.4","25","4.4","23.8","ON","CLOSED","28.7","25","3.7","23.2","ON","CLOSED","21.2","36.6"
"28/02/2025, 17:31:16","17:31","30.0","25","5.0","23.1","OFF","CLOSED","29.2","25","4.2","22.7","ON","CLOSED","21.1","36.6"
"28/02/2025, 17:31:59","17:31","30.1","25","5.1","22.9","OFF","OPEN","29.6","25","4.6","22.3","ON","OPEN","21.1","36.6"
"28/02/2025, 17:32:38","17:32","30.1","25","5.1","22.9","OFF","OPEN","30.1","25","5.1","21.9","OFF","CLOSED","21.2","36.6"
"28/02/2025, 17:33:21","17:33","29.9","25","4.9","22.8","ON","CLOSED","30.4","25","5.4","21.3","OFF","OPEN","21.2","36.7"
"28/02/2025, 17:33:55","17:33","29.7","25","4.7","23.1","ON","CLOSED","30.5","25","5.5","21.3","OFF","OPEN","21.1","36.6"
"28/02/2025, 17:34:34","17:34","29.8","25","4.8","23.1","ON","OPEN","30.4","25","5.4","21.1","OFF","OPEN","21.1","36.7"
"28/02/2025, 17:35:09","17:35","29.9","25","4.9","23.1","ON","OPEN","30.2","25","5.2","21.3","OFF","OPEN","21.1","36.7"
"28/02/2025, 17:35:48","17:35","30.0","25","5.0","23.0","OFF","OPEN","30.0","25","5.0","21.5","OFF","CLOSED","21.1","36.7"
"28/02/2025, 17:36:27","17:36","30.1","25","5.1","22.8","OFF","OPEN","29.8","25","4.8","21.7","OFF","OPEN","21.1","36.7"
"28/02/2025, 17:37:01","17:37","29.8","25","4.8","23.0","OFF","OPEN","29.6","25","4.6","21.9","ON","OPEN","21.1","36.7"
"28/02/2025, 17:37:39","17:37","29.5","25","4.5","23.3","ON","CLOSED","29.6","25","4.6","22.2","OFF","OPEN","21.1","36.7"
"28/02/2025, 17:38:23","17:38","29.4","25","4.4","23.5","ON","OPEN","29.6","25","4.6","21.9","ON","CLOSED","21.1","36.7"
"28/02/2025, 17:39:04","17:39","29.6","25","4.6","23.4","ON","OPEN","29.7","25","4.7","22.2","ON","OPEN","21.1","36.8"
"28/02/2025, 17:39:42","17:39","29.9","25","4.9","23.2","OFF","OPEN","30.0","25","5.0","21.8","OFF","CLOSED","21.1","36.8"
"28/02/2025, 17:40:21","17:40","30.0","25","5.0","22.8","OFF","CLOSED","30.2","25","5.2","21.4","ON","CLOSED","21.1","36.9"
"28/02/2025, 17:40:55","17:40","29.9","25","4.9","23.0","ON","CLOSED","30.4","25","5.4","21.4","ON","CLOSED","21.1","36.8"
"28/02/2025, 17:41:29","17:41","30.0","25","5.0","22.9","ON","CLOSED","30.7","25","5.7","21.0","ON","CLOSED","21.1","36.8"
"28/02/2025, 17:42:03","17:42","30.3","25","5.3","22.7","ON","CLOSED","31.1","25","6.1","20.7","ON","CLOSED","21.1","36.8"
"28/02/2025, 17:42:37","17:42","30.6","25","5.6","22.5","ON","CLOSED","31.4","25","6.4","20.3","ON","CLOSED","21.1","36.9"
"28/02/2025, 17:43:11","17:43","30.9","25","5.9","22.1","ON","CLOSED","31.8","25","6.8","19.9","ON","CLOSED","21.1","36.9"
"28/02/2025, 17:43:44","17:43","31.2","25","6.2","21.8","ON","CLOSED","32.1","25","7.1","19.5","ON","CLOSED","21.0","36.9"
"28/02/2025, 17:44:21","17:44","31.6","25","6.6","21.4","ON","CLOSED","32.5","25","7.5","19.2","ON","CLOSED","21.1","36.9"
"28/02/2025, 17:44:56","17:44","31.9","25","6.9","21.0","ON","CLOSED","32.9","25","7.9","18.8","ON","CLOSED","21.1","36.9"
"28/02/2025, 17:45:30","17:45","32.3","25","7.3","20.7","ON","CLOSED","33.3","25","8.3","18.4","ON","CLOSED","21.1","36.9"
"28/02/2025, 17:46:13","17:46","32.6","25","7.6","20.4","OFF","OPEN","33.8","25","8.8","17.9","OFF","OPEN","21.1","36.8"
"28/02/2025, 17:46:48","17:46","32.4","25","7.4","20.2","OFF","OPEN","33.8","25","8.8","17.6","OFF","OPEN","21.1","36.9"
"28/02/2025, 17:47:21","17:47","32.1","25","7.1","20.4","OFF","OPEN","33.6","25","8.6","17.5","OFF","OPEN","21.1","36.8"
"28/02/2025, 17:47:57","17:47","31.7","25","6.7","20.8","OFF","OPEN","33.4","25","8.4","17.7","OFF","OPEN","21.1","36.8"
"28/02/2025, 17:48:33","17:48","31.2","25","6.2","21.2","OFF","OPEN","33.1","25","8.1","17.9","OFF","OPEN","21.0","36.9"
"28/02/2025, 17:49:07","17:49","30.6","25","5.6","21.8","OFF","OPEN","32.6","25","7.6","18.3","OFF","OPEN","21.1","36.8"
"28/02/2025, 17:49:41","17:49","30.1","25","5.1","22.3","OFF","OPEN","32.2","25","7.2","18.7","OFF","OPEN","21.0","36.8"
"28/02/2025, 17:50:15","17:50","29.6","25","4.6","22.9","OFF","OPEN","31.7","25","6.7","19.0","OFF","OPEN","21.0","36.9"
"28/02/2025, 17:50:55","17:50","29.1","25","4.1","23.5","OFF","OPEN","31.3","25","6.3","19.6","ON","CLOSED","21.0","36.9"
"28/02/2025, 17:51:29","17:51","28.6","25","3.6","24.1","OFF","OPEN","31.0","25","6.0","19.9","ON","CLOSED","21.0","36.9"
"28/02/2025, 17:52:04","17:52","28.3","25","3.3","24.6","OFF","OPEN","30.9","25","5.9","20.1","ON","CLOSED","21.0","36.9"
"28/02/2025, 17:52:38","17:52","28.1","25","3.1","24.9","OFF","OPEN","31.0","25","6.0","20.2","ON","CLOSED","21.0","37.0"
"28/02/2025, 17:53:12","17:53","27.8","25","2.8","25.3","OFF","OPEN","31.1","25","6.1","20.2","ON","CLOSED","21.0","37.0"
"28/02/2025, 17:53:46","17:53","27.7","25","2.7","25.5","OFF","OPEN","31.2","25","6.2","20.1","ON","CLOSED","21.0","37.0"
"28/02/2025, 17:54:20","17:54","27.5","25","2.5","25.9","OFF","OPEN","31.3","25","6.3","20.0","ON","CLOSED","21.0","37.0"
"28/02/2025, 17:54:55","17:54","27.4","25","2.4","25.8","OFF","OPEN","31.5","25","6.5","19.8","ON","CLOSED","21.0","37.0"
"28/02/2025, 17:55:31","17:55","27.2","25","2.2","26.1","OFF","OPEN","31.7","25","6.7","19.5","ON","CLOSED","21.0","37.0"